indicator,País__ESTANDAR,Grupos etarios Uso Internet,Años__ESTANDAR,value,unit,notes_ids,source_id
"Personas usuarias de Internet por grupo etario, países seleccionados América Latina y el Caribe, 2000 a 2022",Argentina,edad de medicion a 17 años,2016,76,Porcentaje sobre el total de personas en cada grupo etario,,9353
"Personas usuarias de Internet por grupo etario, países seleccionados América Latina y el Caribe, 2000 a 2022",Argentina,edad de medicion a 17 años,2017,76,Porcentaje sobre el total de personas en cada grupo etario,,9353
"Personas usuarias de Internet por grupo etario, países seleccionados América Latina y el Caribe, 2000 a 2022",Argentina,edad de medicion a 17 años,2018,79,Porcentaje sobre el total de personas en cada grupo etario,,9353
"Personas usuarias de Internet por grupo etario, países seleccionados América Latina y el Caribe, 2000 a 2022",Argentina,edad de medicion a 17 años,2019,79,Porcentaje sobre el total de personas en cada grupo etario,,9353
"Personas usuarias de Internet por grupo etario, países seleccionados América Latina y el Caribe, 2000 a 2022",Argentina,edad de medicion a 17 años,2020,88,Porcentaje sobre el total de personas en cada grupo etario,,9353
"Personas usuarias de Internet por grupo etario, países seleccionados América Latina y el Caribe, 2000 a 2022",Argentina,edad de medicion a 17 años,2021,87,Porcentaje sobre el total de personas en cada grupo etario,,9353
"Personas usuarias de Internet por grupo etario, países seleccionados América Latina y el Caribe, 2000 a 2022",Argentina,edad de medicion a 17 años,2022,87,Porcentaje sobre el total de personas en cada grupo etario,,9353
"Personas usuarias de Internet por grupo etario, países seleccionados América Latina y el Caribe, 2000 a 2022",Argentina,18 a 25 años de edad,2016,86,Porcentaje sobre el total de personas en cada grupo etario,,9353
"Personas usuarias de Internet por grupo etario, países seleccionados América Latina y el Caribe, 2000 a 2022",Argentina,18 a 25 años de edad,2017,90,Porcentaje sobre el total de personas en cada grupo etario,,9353
"Personas usuarias de Internet por grupo etario, países seleccionados América Latina y el Caribe, 2000 a 2022",Argentina,18 a 25 años de edad,2018,90,Porcentaje sobre el total de personas en cada grupo etario,,9353
"Personas usuarias de Internet por grupo etario, países seleccionados América Latina y el Caribe, 2000 a 2022",Argentina,18 a 25 años de edad,2019,92,Porcentaje sobre el total de personas en cada grupo etario,,9353
"Personas usuarias de Internet por grupo etario, países seleccionados América Latina y el Caribe, 2000 a 2022",Argentina,18 a 25 años de edad,2020,95,Porcentaje sobre el total de personas en cada grupo etario,,9353
"Personas usuarias de Internet por grupo etario, países seleccionados América Latina y el Caribe, 2000 a 2022",Argentina,18 a 25 años de edad,2021,95,Porcentaje sobre el total de personas en cada grupo etario,,9353
"Personas usuarias de Internet por grupo etario, países seleccionados América Latina y el Caribe, 2000 a 2022",Argentina,18 a 25 años de edad,2022,97,Porcentaje sobre el total de personas en cada grupo etario,,9353
"Personas usuarias de Internet por grupo etario, países seleccionados América Latina y el Caribe, 2000 a 2022",Argentina,26 a 50 años de edad,2016,82,Porcentaje sobre el total de personas en cada grupo etario,,9353
"Personas usuarias de Internet por grupo etario, países seleccionados América Latina y el Caribe, 2000 a 2022",Argentina,26 a 50 años de edad,2017,86,Porcentaje sobre el total de personas en cada grupo etario,,9353
"Personas usuarias de Internet por grupo etario, países seleccionados América Latina y el Caribe, 2000 a 2022",Argentina,26 a 50 años de edad,2018,88,Porcentaje sobre el total de personas en cada grupo etario,,9353
"Personas usuarias de Internet por grupo etario, países seleccionados América Latina y el Caribe, 2000 a 2022",Argentina,26 a 50 años de edad,2019,90,Porcentaje sobre el total de personas en cada grupo etario,,9353
"Personas usuarias de Internet por grupo etario, países seleccionados América Latina y el Caribe, 2000 a 2022",Argentina,26 a 50 años de edad,2020,92,Porcentaje sobre el total de personas en cada grupo etario,,9353
"Personas usuarias de Internet por grupo etario, países seleccionados América Latina y el Caribe, 2000 a 2022",Argentina,26 a 50 años de edad,2021,94,Porcentaje sobre el total de personas en cada grupo etario,,9353
"Personas usuarias de Internet por grupo etario, países seleccionados América Latina y el Caribe, 2000 a 2022",Argentina,26 a 50 años de edad,2022,95,Porcentaje sobre el total de personas en cada grupo etario,,9353
"Personas usuarias de Internet por grupo etario, países seleccionados América Latina y el Caribe, 2000 a 2022",Argentina,51 a 65 años,2016,61,Porcentaje sobre el total de personas en cada grupo etario,,9353
"Personas usuarias de Internet por grupo etario, países seleccionados América Latina y el Caribe, 2000 a 2022",Argentina,51 a 65 años,2017,68,Porcentaje sobre el total de personas en cada grupo etario,,9353
"Personas usuarias de Internet por grupo etario, países seleccionados América Latina y el Caribe, 2000 a 2022",Argentina,51 a 65 años,2018,74,Porcentaje sobre el total de personas en cada grupo etario,,9353
"Personas usuarias de Internet por grupo etario, países seleccionados América Latina y el Caribe, 2000 a 2022",Argentina,51 a 65 años,2019,77,Porcentaje sobre el total de personas en cada grupo etario,,9353
"Personas usuarias de Internet por grupo etario, países seleccionados América Latina y el Caribe, 2000 a 2022",Argentina,51 a 65 años,2020,81,Porcentaje sobre el total de personas en cada grupo etario,,9353
"Personas usuarias de Internet por grupo etario, países seleccionados América Latina y el Caribe, 2000 a 2022",Argentina,51 a 65 años,2021,87,Porcentaje sobre el total de personas en cada grupo etario,,9353
"Personas usuarias de Internet por grupo etario, países seleccionados América Latina y el Caribe, 2000 a 2022",Argentina,51 a 65 años,2022,88,Porcentaje sobre el total de personas en cada grupo etario,,9353
"Personas usuarias de Internet por grupo etario, países seleccionados América Latina y el Caribe, 2000 a 2022",Argentina,66 años en adelante,2016,29,Porcentaje sobre el total de personas en cada grupo etario,,9353
"Personas usuarias de Internet por grupo etario, países seleccionados América Latina y el Caribe, 2000 a 2022",Argentina,66 años en adelante,2017,34,Porcentaje sobre el total de personas en cada grupo etario,,9353
"Personas usuarias de Internet por grupo etario, países seleccionados América Latina y el Caribe, 2000 a 2022",Argentina,66 años en adelante,2018,40,Porcentaje sobre el total de personas en cada grupo etario,,9353
"Personas usuarias de Internet por grupo etario, países seleccionados América Latina y el Caribe, 2000 a 2022",Argentina,66 años en adelante,2019,46,Porcentaje sobre el total de personas en cada grupo etario,,9353
"Personas usuarias de Internet por grupo etario, países seleccionados América Latina y el Caribe, 2000 a 2022",Argentina,66 años en adelante,2020,55,Porcentaje sobre el total de personas en cada grupo etario,,9353
"Personas usuarias de Internet por grupo etario, países seleccionados América Latina y el Caribe, 2000 a 2022",Argentina,66 años en adelante,2021,57,Porcentaje sobre el total de personas en cada grupo etario,,9353
"Personas usuarias de Internet por grupo etario, países seleccionados América Latina y el Caribe, 2000 a 2022",Argentina,66 años en adelante,2022,63,Porcentaje sobre el total de personas en cada grupo etario,,9353
"Personas usuarias de Internet por grupo etario, países seleccionados América Latina y el Caribe, 2000 a 2022",Argentina,Total,2016,71,Porcentaje sobre el total de personas en cada grupo etario,,9353
"Personas usuarias de Internet por grupo etario, países seleccionados América Latina y el Caribe, 2000 a 2022",Argentina,Total,2017,74,Porcentaje sobre el total de personas en cada grupo etario,,9353
"Personas usuarias de Internet por grupo etario, países seleccionados América Latina y el Caribe, 2000 a 2022",Argentina,Total,2018,78,Porcentaje sobre el total de personas en cada grupo etario,,9353
"Personas usuarias de Internet por grupo etario, países seleccionados América Latina y el Caribe, 2000 a 2022",Argentina,Total,2019,80,Porcentaje sobre el total de personas en cada grupo etario,,9353
"Personas usuarias de Internet por grupo etario, países seleccionados América Latina y el Caribe, 2000 a 2022",Argentina,Total,2020,86,Porcentaje sobre el total de personas en cada grupo etario,,9353
"Personas usuarias de Internet por grupo etario, países seleccionados América Latina y el Caribe, 2000 a 2022",Argentina,Total,2021,87,Porcentaje sobre el total de personas en cada grupo etario,,9353
"Personas usuarias de Internet por grupo etario, países seleccionados América Latina y el Caribe, 2000 a 2022",Argentina,Total,2022,89,Porcentaje sobre el total de personas en cada grupo etario,,9353
"Personas usuarias de Internet por grupo etario, países seleccionados América Latina y el Caribe, 2000 a 2022",Bolivia (Estado Plurinacional de),edad de medicion a 17 años,2009,30,Porcentaje sobre el total de personas en cada grupo etario,,9353
"Personas usuarias de Internet por grupo etario, países seleccionados América Latina y el Caribe, 2000 a 2022",Bolivia (Estado Plurinacional de),edad de medicion a 17 años,2012,39,Porcentaje sobre el total de personas en cada grupo etario,,9353
"Personas usuarias de Internet por grupo etario, países seleccionados América Latina y el Caribe, 2000 a 2022",Bolivia (Estado Plurinacional de),edad de medicion a 17 años,2013,39,Porcentaje sobre el total de personas en cada grupo etario,,9353
"Personas usuarias de Internet por grupo etario, países seleccionados América Latina y el Caribe, 2000 a 2022",Bolivia (Estado Plurinacional de),edad de medicion a 17 años,2014,37,Porcentaje sobre el total de personas en cada grupo etario,,9353
"Personas usuarias de Internet por grupo etario, países seleccionados América Latina y el Caribe, 2000 a 2022",Bolivia (Estado Plurinacional de),edad de medicion a 17 años,2015,39,Porcentaje sobre el total de personas en cada grupo etario,,9353
"Personas usuarias de Internet por grupo etario, países seleccionados América Latina y el Caribe, 2000 a 2022",Bolivia (Estado Plurinacional de),edad de medicion a 17 años,2016,34,Porcentaje sobre el total de personas en cada grupo etario,,9353
"Personas usuarias de Internet por grupo etario, países seleccionados América Latina y el Caribe, 2000 a 2022",Bolivia (Estado Plurinacional de),edad de medicion a 17 años,2017,27,Porcentaje sobre el total de personas en cada grupo etario,,9353
"Personas usuarias de Internet por grupo etario, países seleccionados América Latina y el Caribe, 2000 a 2022",Bolivia (Estado Plurinacional de),edad de medicion a 17 años,2018,35,Porcentaje sobre el total de personas en cada grupo etario,,9353
"Personas usuarias de Internet por grupo etario, países seleccionados América Latina y el Caribe, 2000 a 2022",Bolivia (Estado Plurinacional de),edad de medicion a 17 años,2019,33,Porcentaje sobre el total de personas en cada grupo etario,,9353
"Personas usuarias de Internet por grupo etario, países seleccionados América Latina y el Caribe, 2000 a 2022",Bolivia (Estado Plurinacional de),edad de medicion a 17 años,2020,56,Porcentaje sobre el total de personas en cada grupo etario,,9353
"Personas usuarias de Internet por grupo etario, países seleccionados América Latina y el Caribe, 2000 a 2022",Bolivia (Estado Plurinacional de),edad de medicion a 17 años,2021,68,Porcentaje sobre el total de personas en cada grupo etario,,9353
"Personas usuarias de Internet por grupo etario, países seleccionados América Latina y el Caribe, 2000 a 2022",Bolivia (Estado Plurinacional de),18 a 25 años de edad,2009,56,Porcentaje sobre el total de personas en cada grupo etario,,9353
"Personas usuarias de Internet por grupo etario, países seleccionados América Latina y el Caribe, 2000 a 2022",Bolivia (Estado Plurinacional de),18 a 25 años de edad,2012,62,Porcentaje sobre el total de personas en cada grupo etario,,9353
"Personas usuarias de Internet por grupo etario, países seleccionados América Latina y el Caribe, 2000 a 2022",Bolivia (Estado Plurinacional de),18 a 25 años de edad,2013,67,Porcentaje sobre el total de personas en cada grupo etario,,9353
"Personas usuarias de Internet por grupo etario, países seleccionados América Latina y el Caribe, 2000 a 2022",Bolivia (Estado Plurinacional de),18 a 25 años de edad,2014,63,Porcentaje sobre el total de personas en cada grupo etario,,9353
"Personas usuarias de Internet por grupo etario, países seleccionados América Latina y el Caribe, 2000 a 2022",Bolivia (Estado Plurinacional de),18 a 25 años de edad,2015,68,Porcentaje sobre el total de personas en cada grupo etario,,9353
"Personas usuarias de Internet por grupo etario, países seleccionados América Latina y el Caribe, 2000 a 2022",Bolivia (Estado Plurinacional de),18 a 25 años de edad,2016,73,Porcentaje sobre el total de personas en cada grupo etario,,9353
"Personas usuarias de Internet por grupo etario, países seleccionados América Latina y el Caribe, 2000 a 2022",Bolivia (Estado Plurinacional de),18 a 25 años de edad,2017,66,Porcentaje sobre el total de personas en cada grupo etario,,9353
"Personas usuarias de Internet por grupo etario, países seleccionados América Latina y el Caribe, 2000 a 2022",Bolivia (Estado Plurinacional de),18 a 25 años de edad,2018,78,Porcentaje sobre el total de personas en cada grupo etario,,9353
"Personas usuarias de Internet por grupo etario, países seleccionados América Latina y el Caribe, 2000 a 2022",Bolivia (Estado Plurinacional de),18 a 25 años de edad,2019,79,Porcentaje sobre el total de personas en cada grupo etario,,9353
"Personas usuarias de Internet por grupo etario, países seleccionados América Latina y el Caribe, 2000 a 2022",Bolivia (Estado Plurinacional de),18 a 25 años de edad,2020,84,Porcentaje sobre el total de personas en cada grupo etario,,9353
"Personas usuarias de Internet por grupo etario, países seleccionados América Latina y el Caribe, 2000 a 2022",Bolivia (Estado Plurinacional de),18 a 25 años de edad,2021,86,Porcentaje sobre el total de personas en cada grupo etario,,9353
"Personas usuarias de Internet por grupo etario, países seleccionados América Latina y el Caribe, 2000 a 2022",Bolivia (Estado Plurinacional de),26 a 50 años de edad,2009,27,Porcentaje sobre el total de personas en cada grupo etario,,9353
"Personas usuarias de Internet por grupo etario, países seleccionados América Latina y el Caribe, 2000 a 2022",Bolivia (Estado Plurinacional de),26 a 50 años de edad,2012,33,Porcentaje sobre el total de personas en cada grupo etario,,9353
"Personas usuarias de Internet por grupo etario, países seleccionados América Latina y el Caribe, 2000 a 2022",Bolivia (Estado Plurinacional de),26 a 50 años de edad,2013,37,Porcentaje sobre el total de personas en cada grupo etario,,9353
"Personas usuarias de Internet por grupo etario, países seleccionados América Latina y el Caribe, 2000 a 2022",Bolivia (Estado Plurinacional de),26 a 50 años de edad,2014,34,Porcentaje sobre el total de personas en cada grupo etario,,9353
"Personas usuarias de Internet por grupo etario, países seleccionados América Latina y el Caribe, 2000 a 2022",Bolivia (Estado Plurinacional de),26 a 50 años de edad,2015,38,Porcentaje sobre el total de personas en cada grupo etario,,9353
"Personas usuarias de Internet por grupo etario, países seleccionados América Latina y el Caribe, 2000 a 2022",Bolivia (Estado Plurinacional de),26 a 50 años de edad,2016,45,Porcentaje sobre el total de personas en cada grupo etario,,9353
"Personas usuarias de Internet por grupo etario, países seleccionados América Latina y el Caribe, 2000 a 2022",Bolivia (Estado Plurinacional de),26 a 50 años de edad,2017,45,Porcentaje sobre el total de personas en cada grupo etario,,9353
"Personas usuarias de Internet por grupo etario, países seleccionados América Latina y el Caribe, 2000 a 2022",Bolivia (Estado Plurinacional de),26 a 50 años de edad,2018,55,Porcentaje sobre el total de personas en cada grupo etario,,9353
"Personas usuarias de Internet por grupo etario, países seleccionados América Latina y el Caribe, 2000 a 2022",Bolivia (Estado Plurinacional de),26 a 50 años de edad,2019,60,Porcentaje sobre el total de personas en cada grupo etario,,9353
"Personas usuarias de Internet por grupo etario, países seleccionados América Latina y el Caribe, 2000 a 2022",Bolivia (Estado Plurinacional de),26 a 50 años de edad,2020,73,Porcentaje sobre el total de personas en cada grupo etario,,9353
"Personas usuarias de Internet por grupo etario, países seleccionados América Latina y el Caribe, 2000 a 2022",Bolivia (Estado Plurinacional de),26 a 50 años de edad,2021,73,Porcentaje sobre el total de personas en cada grupo etario,,9353
"Personas usuarias de Internet por grupo etario, países seleccionados América Latina y el Caribe, 2000 a 2022",Bolivia (Estado Plurinacional de),51 a 65 años,2009,11,Porcentaje sobre el total de personas en cada grupo etario,,9353
"Personas usuarias de Internet por grupo etario, países seleccionados América Latina y el Caribe, 2000 a 2022",Bolivia (Estado Plurinacional de),51 a 65 años,2012,15,Porcentaje sobre el total de personas en cada grupo etario,,9353
"Personas usuarias de Internet por grupo etario, países seleccionados América Latina y el Caribe, 2000 a 2022",Bolivia (Estado Plurinacional de),51 a 65 años,2013,18,Porcentaje sobre el total de personas en cada grupo etario,,9353
"Personas usuarias de Internet por grupo etario, países seleccionados América Latina y el Caribe, 2000 a 2022",Bolivia (Estado Plurinacional de),51 a 65 años,2014,13,Porcentaje sobre el total de personas en cada grupo etario,,9353
"Personas usuarias de Internet por grupo etario, países seleccionados América Latina y el Caribe, 2000 a 2022",Bolivia (Estado Plurinacional de),51 a 65 años,2015,14,Porcentaje sobre el total de personas en cada grupo etario,,9353
"Personas usuarias de Internet por grupo etario, países seleccionados América Latina y el Caribe, 2000 a 2022",Bolivia (Estado Plurinacional de),51 a 65 años,2016,18,Porcentaje sobre el total de personas en cada grupo etario,,9353
"Personas usuarias de Internet por grupo etario, países seleccionados América Latina y el Caribe, 2000 a 2022",Bolivia (Estado Plurinacional de),51 a 65 años,2017,17,Porcentaje sobre el total de personas en cada grupo etario,,9353
"Personas usuarias de Internet por grupo etario, países seleccionados América Latina y el Caribe, 2000 a 2022",Bolivia (Estado Plurinacional de),51 a 65 años,2018,23,Porcentaje sobre el total de personas en cada grupo etario,,9353
"Personas usuarias de Internet por grupo etario, países seleccionados América Latina y el Caribe, 2000 a 2022",Bolivia (Estado Plurinacional de),51 a 65 años,2019,30,Porcentaje sobre el total de personas en cada grupo etario,,9353
"Personas usuarias de Internet por grupo etario, países seleccionados América Latina y el Caribe, 2000 a 2022",Bolivia (Estado Plurinacional de),51 a 65 años,2020,40,Porcentaje sobre el total de personas en cada grupo etario,,9353
"Personas usuarias de Internet por grupo etario, países seleccionados América Latina y el Caribe, 2000 a 2022",Bolivia (Estado Plurinacional de),51 a 65 años,2021,45,Porcentaje sobre el total de personas en cada grupo etario,,9353
"Personas usuarias de Internet por grupo etario, países seleccionados América Latina y el Caribe, 2000 a 2022",Bolivia (Estado Plurinacional de),66 años en adelante,2009,3,Porcentaje sobre el total de personas en cada grupo etario,,9353
"Personas usuarias de Internet por grupo etario, países seleccionados América Latina y el Caribe, 2000 a 2022",Bolivia (Estado Plurinacional de),66 años en adelante,2012,4,Porcentaje sobre el total de personas en cada grupo etario,,9353
"Personas usuarias de Internet por grupo etario, países seleccionados América Latina y el Caribe, 2000 a 2022",Bolivia (Estado Plurinacional de),66 años en adelante,2013,5,Porcentaje sobre el total de personas en cada grupo etario,,9353
"Personas usuarias de Internet por grupo etario, países seleccionados América Latina y el Caribe, 2000 a 2022",Bolivia (Estado Plurinacional de),66 años en adelante,2014,4,Porcentaje sobre el total de personas en cada grupo etario,,9353
"Personas usuarias de Internet por grupo etario, países seleccionados América Latina y el Caribe, 2000 a 2022",Bolivia (Estado Plurinacional de),66 años en adelante,2015,5,Porcentaje sobre el total de personas en cada grupo etario,,9353
"Personas usuarias de Internet por grupo etario, países seleccionados América Latina y el Caribe, 2000 a 2022",Bolivia (Estado Plurinacional de),66 años en adelante,2016,5,Porcentaje sobre el total de personas en cada grupo etario,,9353
"Personas usuarias de Internet por grupo etario, países seleccionados América Latina y el Caribe, 2000 a 2022",Bolivia (Estado Plurinacional de),66 años en adelante,2017,5,Porcentaje sobre el total de personas en cada grupo etario,,9353
"Personas usuarias de Internet por grupo etario, países seleccionados América Latina y el Caribe, 2000 a 2022",Bolivia (Estado Plurinacional de),66 años en adelante,2018,8,Porcentaje sobre el total de personas en cada grupo etario,,9353
"Personas usuarias de Internet por grupo etario, países seleccionados América Latina y el Caribe, 2000 a 2022",Bolivia (Estado Plurinacional de),66 años en adelante,2019,12,Porcentaje sobre el total de personas en cada grupo etario,,9353
"Personas usuarias de Internet por grupo etario, países seleccionados América Latina y el Caribe, 2000 a 2022",Bolivia (Estado Plurinacional de),66 años en adelante,2020,17,Porcentaje sobre el total de personas en cada grupo etario,,9353
"Personas usuarias de Internet por grupo etario, países seleccionados América Latina y el Caribe, 2000 a 2022",Bolivia (Estado Plurinacional de),66 años en adelante,2021,21,Porcentaje sobre el total de personas en cada grupo etario,,9353
"Personas usuarias de Internet por grupo etario, países seleccionados América Latina y el Caribe, 2000 a 2022",Bolivia (Estado Plurinacional de),Total,2009,30,Porcentaje sobre el total de personas en cada grupo etario,,9353
"Personas usuarias de Internet por grupo etario, países seleccionados América Latina y el Caribe, 2000 a 2022",Bolivia (Estado Plurinacional de),Total,2012,36,Porcentaje sobre el total de personas en cada grupo etario,,9353
"Personas usuarias de Internet por grupo etario, países seleccionados América Latina y el Caribe, 2000 a 2022",Bolivia (Estado Plurinacional de),Total,2013,37,Porcentaje sobre el total de personas en cada grupo etario,,9353
"Personas usuarias de Internet por grupo etario, países seleccionados América Latina y el Caribe, 2000 a 2022",Bolivia (Estado Plurinacional de),Total,2014,35,Porcentaje sobre el total de personas en cada grupo etario,,9353
"Personas usuarias de Internet por grupo etario, países seleccionados América Latina y el Caribe, 2000 a 2022",Bolivia (Estado Plurinacional de),Total,2015,38,Porcentaje sobre el total de personas en cada grupo etario,,9353
"Personas usuarias de Internet por grupo etario, países seleccionados América Latina y el Caribe, 2000 a 2022",Bolivia (Estado Plurinacional de),Total,2016,39,Porcentaje sobre el total de personas en cada grupo etario,,9353
"Personas usuarias de Internet por grupo etario, países seleccionados América Latina y el Caribe, 2000 a 2022",Bolivia (Estado Plurinacional de),Total,2017,36,Porcentaje sobre el total de personas en cada grupo etario,,9353
"Personas usuarias de Internet por grupo etario, países seleccionados América Latina y el Caribe, 2000 a 2022",Bolivia (Estado Plurinacional de),Total,2018,44,Porcentaje sobre el total de personas en cada grupo etario,,9353
"Personas usuarias de Internet por grupo etario, países seleccionados América Latina y el Caribe, 2000 a 2022",Bolivia (Estado Plurinacional de),Total,2019,48,Porcentaje sobre el total de personas en cada grupo etario,,9353
"Personas usuarias de Internet por grupo etario, países seleccionados América Latina y el Caribe, 2000 a 2022",Bolivia (Estado Plurinacional de),Total,2020,60,Porcentaje sobre el total de personas en cada grupo etario,,9353
"Personas usuarias de Internet por grupo etario, países seleccionados América Latina y el Caribe, 2000 a 2022",Bolivia (Estado Plurinacional de),Total,2021,66,Porcentaje sobre el total de personas en cada grupo etario,,9353
"Personas usuarias de Internet por grupo etario, países seleccionados América Latina y el Caribe, 2000 a 2022",Brasil,edad de medicion a 17 años,2005,28,Porcentaje sobre el total de personas en cada grupo etario,,9353
"Personas usuarias de Internet por grupo etario, países seleccionados América Latina y el Caribe, 2000 a 2022",Brasil,edad de medicion a 17 años,2008,55,Porcentaje sobre el total de personas en cada grupo etario,,9353
"Personas usuarias de Internet por grupo etario, países seleccionados América Latina y el Caribe, 2000 a 2022",Brasil,edad de medicion a 17 años,2009,63,Porcentaje sobre el total de personas en cada grupo etario,,9353
"Personas usuarias de Internet por grupo etario, países seleccionados América Latina y el Caribe, 2000 a 2022",Brasil,edad de medicion a 17 años,2011,68,Porcentaje sobre el total de personas en cada grupo etario,,9353
"Personas usuarias de Internet por grupo etario, países seleccionados América Latina y el Caribe, 2000 a 2022",Brasil,edad de medicion a 17 años,2012,71,Porcentaje sobre el total de personas en cada grupo etario,,9353
"Personas usuarias de Internet por grupo etario, países seleccionados América Latina y el Caribe, 2000 a 2022",Brasil,edad de medicion a 17 años,2013,69,Porcentaje sobre el total de personas en cada grupo etario,,9353
"Personas usuarias de Internet por grupo etario, países seleccionados América Latina y el Caribe, 2000 a 2022",Brasil,edad de medicion a 17 años,2014,74,Porcentaje sobre el total de personas en cada grupo etario,,9353
"Personas usuarias de Internet por grupo etario, países seleccionados América Latina y el Caribe, 2000 a 2022",Brasil,edad de medicion a 17 años,2015,74,Porcentaje sobre el total de personas en cada grupo etario,,9353
"Personas usuarias de Internet por grupo etario, países seleccionados América Latina y el Caribe, 2000 a 2022",Brasil,18 a 25 años de edad,2005,31,Porcentaje sobre el total de personas en cada grupo etario,,9353
"Personas usuarias de Internet por grupo etario, países seleccionados América Latina y el Caribe, 2000 a 2022",Brasil,18 a 25 años de edad,2008,54,Porcentaje sobre el total de personas en cada grupo etario,,9353
"Personas usuarias de Internet por grupo etario, países seleccionados América Latina y el Caribe, 2000 a 2022",Brasil,18 a 25 años de edad,2009,63,Porcentaje sobre el total de personas en cada grupo etario,,9353
"Personas usuarias de Internet por grupo etario, países seleccionados América Latina y el Caribe, 2000 a 2022",Brasil,18 a 25 años de edad,2011,67,Porcentaje sobre el total de personas en cada grupo etario,,9353
"Personas usuarias de Internet por grupo etario, países seleccionados América Latina y el Caribe, 2000 a 2022",Brasil,18 a 25 años de edad,2012,70,Porcentaje sobre el total de personas en cada grupo etario,,9353
"Personas usuarias de Internet por grupo etario, países seleccionados América Latina y el Caribe, 2000 a 2022",Brasil,18 a 25 años de edad,2013,71,Porcentaje sobre el total de personas en cada grupo etario,,9353
"Personas usuarias de Internet por grupo etario, países seleccionados América Latina y el Caribe, 2000 a 2022",Brasil,18 a 25 años de edad,2014,79,Porcentaje sobre el total de personas en cada grupo etario,,9353
"Personas usuarias de Internet por grupo etario, países seleccionados América Latina y el Caribe, 2000 a 2022",Brasil,18 a 25 años de edad,2015,81,Porcentaje sobre el total de personas en cada grupo etario,,9353
"Personas usuarias de Internet por grupo etario, países seleccionados América Latina y el Caribe, 2000 a 2022",Brasil,26 a 50 años de edad,2005,21,Porcentaje sobre el total de personas en cada grupo etario,,9353
"Personas usuarias de Internet por grupo etario, países seleccionados América Latina y el Caribe, 2000 a 2022",Brasil,26 a 50 años de edad,2008,32,Porcentaje sobre el total de personas en cada grupo etario,,9353
"Personas usuarias de Internet por grupo etario, países seleccionados América Latina y el Caribe, 2000 a 2022",Brasil,26 a 50 años de edad,2009,40,Porcentaje sobre el total de personas en cada grupo etario,,9353
"Personas usuarias de Internet por grupo etario, países seleccionados América Latina y el Caribe, 2000 a 2022",Brasil,26 a 50 años de edad,2011,48,Porcentaje sobre el total de personas en cada grupo etario,,9353
"Personas usuarias de Internet por grupo etario, países seleccionados América Latina y el Caribe, 2000 a 2022",Brasil,26 a 50 años de edad,2012,51,Porcentaje sobre el total de personas en cada grupo etario,,9353
"Personas usuarias de Internet por grupo etario, países seleccionados América Latina y el Caribe, 2000 a 2022",Brasil,26 a 50 años de edad,2013,53,Porcentaje sobre el total de personas en cada grupo etario,,9353
"Personas usuarias de Internet por grupo etario, países seleccionados América Latina y el Caribe, 2000 a 2022",Brasil,26 a 50 años de edad,2014,59,Porcentaje sobre el total de personas en cada grupo etario,,9353
"Personas usuarias de Internet por grupo etario, países seleccionados América Latina y el Caribe, 2000 a 2022",Brasil,26 a 50 años de edad,2015,64,Porcentaje sobre el total de personas en cada grupo etario,,9353
"Personas usuarias de Internet por grupo etario, países seleccionados América Latina y el Caribe, 2000 a 2022",Brasil,51 a 65 años,2005,10,Porcentaje sobre el total de personas en cada grupo etario,,9353
"Personas usuarias de Internet por grupo etario, países seleccionados América Latina y el Caribe, 2000 a 2022",Brasil,51 a 65 años,2008,15,Porcentaje sobre el total de personas en cada grupo etario,,9353
"Personas usuarias de Internet por grupo etario, países seleccionados América Latina y el Caribe, 2000 a 2022",Brasil,51 a 65 años,2009,20,Porcentaje sobre el total de personas en cada grupo etario,,9353
"Personas usuarias de Internet por grupo etario, países seleccionados América Latina y el Caribe, 2000 a 2022",Brasil,51 a 65 años,2011,23,Porcentaje sobre el total de personas en cada grupo etario,,9353
"Personas usuarias de Internet por grupo etario, países seleccionados América Latina y el Caribe, 2000 a 2022",Brasil,51 a 65 años,2012,26,Porcentaje sobre el total de personas en cada grupo etario,,9353
"Personas usuarias de Internet por grupo etario, países seleccionados América Latina y el Caribe, 2000 a 2022",Brasil,51 a 65 años,2013,26,Porcentaje sobre el total de personas en cada grupo etario,,9353
"Personas usuarias de Internet por grupo etario, países seleccionados América Latina y el Caribe, 2000 a 2022",Brasil,51 a 65 años,2014,31,Porcentaje sobre el total de personas en cada grupo etario,,9353
"Personas usuarias de Internet por grupo etario, países seleccionados América Latina y el Caribe, 2000 a 2022",Brasil,51 a 65 años,2015,35,Porcentaje sobre el total de personas en cada grupo etario,,9353
"Personas usuarias de Internet por grupo etario, países seleccionados América Latina y el Caribe, 2000 a 2022",Brasil,66 años en adelante,2005,2,Porcentaje sobre el total de personas en cada grupo etario,,9353
"Personas usuarias de Internet por grupo etario, países seleccionados América Latina y el Caribe, 2000 a 2022",Brasil,66 años en adelante,2008,4,Porcentaje sobre el total de personas en cada grupo etario,,9353
"Personas usuarias de Internet por grupo etario, países seleccionados América Latina y el Caribe, 2000 a 2022",Brasil,66 años en adelante,2009,5,Porcentaje sobre el total de personas en cada grupo etario,,9353
"Personas usuarias de Internet por grupo etario, países seleccionados América Latina y el Caribe, 2000 a 2022",Brasil,66 años en adelante,2011,7,Porcentaje sobre el total de personas en cada grupo etario,,9353
"Personas usuarias de Internet por grupo etario, países seleccionados América Latina y el Caribe, 2000 a 2022",Brasil,66 años en adelante,2012,8,Porcentaje sobre el total de personas en cada grupo etario,,9353
"Personas usuarias de Internet por grupo etario, países seleccionados América Latina y el Caribe, 2000 a 2022",Brasil,66 años en adelante,2013,9,Porcentaje sobre el total de personas en cada grupo etario,,9353
"Personas usuarias de Internet por grupo etario, países seleccionados América Latina y el Caribe, 2000 a 2022",Brasil,66 años en adelante,2014,10,Porcentaje sobre el total de personas en cada grupo etario,,9353
"Personas usuarias de Internet por grupo etario, países seleccionados América Latina y el Caribe, 2000 a 2022",Brasil,66 años en adelante,2015,12,Porcentaje sobre el total de personas en cada grupo etario,,9353
"Personas usuarias de Internet por grupo etario, países seleccionados América Latina y el Caribe, 2000 a 2022",Brasil,Total,2005,21,Porcentaje sobre el total de personas en cada grupo etario,,9353
"Personas usuarias de Internet por grupo etario, países seleccionados América Latina y el Caribe, 2000 a 2022",Brasil,Total,2008,35,Porcentaje sobre el total de personas en cada grupo etario,,9353
"Personas usuarias de Internet por grupo etario, países seleccionados América Latina y el Caribe, 2000 a 2022",Brasil,Total,2009,42,Porcentaje sobre el total de personas en cada grupo etario,,9353
"Personas usuarias de Internet por grupo etario, países seleccionados América Latina y el Caribe, 2000 a 2022",Brasil,Total,2011,47,Porcentaje sobre el total de personas en cada grupo etario,,9353
"Personas usuarias de Internet por grupo etario, países seleccionados América Latina y el Caribe, 2000 a 2022",Brasil,Total,2012,49,Porcentaje sobre el total de personas en cada grupo etario,,9353
"Personas usuarias de Internet por grupo etario, países seleccionados América Latina y el Caribe, 2000 a 2022",Brasil,Total,2013,49,Porcentaje sobre el total de personas en cada grupo etario,,9353
"Personas usuarias de Internet por grupo etario, países seleccionados América Latina y el Caribe, 2000 a 2022",Brasil,Total,2014,54,Porcentaje sobre el total de personas en cada grupo etario,,9353
"Personas usuarias de Internet por grupo etario, países seleccionados América Latina y el Caribe, 2000 a 2022",Brasil,Total,2015,58,Porcentaje sobre el total de personas en cada grupo etario,,9353
"Personas usuarias de Internet por grupo etario, países seleccionados América Latina y el Caribe, 2000 a 2022",Chile,edad de medicion a 17 años,2000,30,Porcentaje sobre el total de personas en cada grupo etario,,9353
"Personas usuarias de Internet por grupo etario, países seleccionados América Latina y el Caribe, 2000 a 2022",Chile,edad de medicion a 17 años,2003,44,Porcentaje sobre el total de personas en cada grupo etario,,9353
"Personas usuarias de Internet por grupo etario, países seleccionados América Latina y el Caribe, 2000 a 2022",Chile,edad de medicion a 17 años,2006,61,Porcentaje sobre el total de personas en cada grupo etario,,9353
"Personas usuarias de Internet por grupo etario, países seleccionados América Latina y el Caribe, 2000 a 2022",Chile,edad de medicion a 17 años,2009,61,Porcentaje sobre el total de personas en cada grupo etario,,9353
"Personas usuarias de Internet por grupo etario, países seleccionados América Latina y el Caribe, 2000 a 2022",Chile,edad de medicion a 17 años,2011,77,Porcentaje sobre el total de personas en cada grupo etario,,9353
"Personas usuarias de Internet por grupo etario, países seleccionados América Latina y el Caribe, 2000 a 2022",Chile,edad de medicion a 17 años,2013,81,Porcentaje sobre el total de personas en cada grupo etario,,9353
"Personas usuarias de Internet por grupo etario, países seleccionados América Latina y el Caribe, 2000 a 2022",Chile,edad de medicion a 17 años,2015,83,Porcentaje sobre el total de personas en cada grupo etario,,9353
"Personas usuarias de Internet por grupo etario, países seleccionados América Latina y el Caribe, 2000 a 2022",Chile,edad de medicion a 17 años,2017,84,Porcentaje sobre el total de personas en cada grupo etario,,9353
"Personas usuarias de Internet por grupo etario, países seleccionados América Latina y el Caribe, 2000 a 2022",Chile,18 a 25 años de edad,2000,26,Porcentaje sobre el total de personas en cada grupo etario,,9353
"Personas usuarias de Internet por grupo etario, países seleccionados América Latina y el Caribe, 2000 a 2022",Chile,18 a 25 años de edad,2003,40,Porcentaje sobre el total de personas en cada grupo etario,,9353
"Personas usuarias de Internet por grupo etario, países seleccionados América Latina y el Caribe, 2000 a 2022",Chile,18 a 25 años de edad,2006,58,Porcentaje sobre el total de personas en cada grupo etario,,9353
"Personas usuarias de Internet por grupo etario, países seleccionados América Latina y el Caribe, 2000 a 2022",Chile,18 a 25 años de edad,2009,67,Porcentaje sobre el total de personas en cada grupo etario,,9353
"Personas usuarias de Internet por grupo etario, países seleccionados América Latina y el Caribe, 2000 a 2022",Chile,18 a 25 años de edad,2011,78,Porcentaje sobre el total de personas en cada grupo etario,,9353
"Personas usuarias de Internet por grupo etario, países seleccionados América Latina y el Caribe, 2000 a 2022",Chile,18 a 25 años de edad,2013,85,Porcentaje sobre el total de personas en cada grupo etario,,9353
"Personas usuarias de Internet por grupo etario, países seleccionados América Latina y el Caribe, 2000 a 2022",Chile,18 a 25 años de edad,2015,92,Porcentaje sobre el total de personas en cada grupo etario,,9353
"Personas usuarias de Internet por grupo etario, países seleccionados América Latina y el Caribe, 2000 a 2022",Chile,18 a 25 años de edad,2017,94,Porcentaje sobre el total de personas en cada grupo etario,,9353
"Personas usuarias de Internet por grupo etario, países seleccionados América Latina y el Caribe, 2000 a 2022",Chile,26 a 50 años de edad,2000,15,Porcentaje sobre el total de personas en cada grupo etario,,9353
"Personas usuarias de Internet por grupo etario, países seleccionados América Latina y el Caribe, 2000 a 2022",Chile,26 a 50 años de edad,2003,22,Porcentaje sobre el total de personas en cada grupo etario,,9353
"Personas usuarias de Internet por grupo etario, países seleccionados América Latina y el Caribe, 2000 a 2022",Chile,26 a 50 años de edad,2006,30,Porcentaje sobre el total de personas en cada grupo etario,,9353
"Personas usuarias de Internet por grupo etario, países seleccionados América Latina y el Caribe, 2000 a 2022",Chile,26 a 50 años de edad,2009,40,Porcentaje sobre el total de personas en cada grupo etario,,9353
"Personas usuarias de Internet por grupo etario, países seleccionados América Latina y el Caribe, 2000 a 2022",Chile,26 a 50 años de edad,2011,53,Porcentaje sobre el total de personas en cada grupo etario,,9353
"Personas usuarias de Internet por grupo etario, países seleccionados América Latina y el Caribe, 2000 a 2022",Chile,26 a 50 años de edad,2013,64,Porcentaje sobre el total de personas en cada grupo etario,,9353
"Personas usuarias de Internet por grupo etario, países seleccionados América Latina y el Caribe, 2000 a 2022",Chile,26 a 50 años de edad,2015,77,Porcentaje sobre el total de personas en cada grupo etario,,9353
"Personas usuarias de Internet por grupo etario, países seleccionados América Latina y el Caribe, 2000 a 2022",Chile,26 a 50 años de edad,2017,86,Porcentaje sobre el total de personas en cada grupo etario,,9353
"Personas usuarias de Internet por grupo etario, países seleccionados América Latina y el Caribe, 2000 a 2022",Chile,51 a 65 años,2000,8,Porcentaje sobre el total de personas en cada grupo etario,,9353
"Personas usuarias de Internet por grupo etario, países seleccionados América Latina y el Caribe, 2000 a 2022",Chile,51 a 65 años,2003,13,Porcentaje sobre el total de personas en cada grupo etario,,9353
"Personas usuarias de Internet por grupo etario, países seleccionados América Latina y el Caribe, 2000 a 2022",Chile,51 a 65 años,2006,14,Porcentaje sobre el total de personas en cada grupo etario,,9353
"Personas usuarias de Internet por grupo etario, países seleccionados América Latina y el Caribe, 2000 a 2022",Chile,51 a 65 años,2009,22,Porcentaje sobre el total de personas en cada grupo etario,,9353
"Personas usuarias de Internet por grupo etario, países seleccionados América Latina y el Caribe, 2000 a 2022",Chile,51 a 65 años,2011,26,Porcentaje sobre el total de personas en cada grupo etario,,9353
"Personas usuarias de Internet por grupo etario, países seleccionados América Latina y el Caribe, 2000 a 2022",Chile,51 a 65 años,2013,32,Porcentaje sobre el total de personas en cada grupo etario,,9353
"Personas usuarias de Internet por grupo etario, países seleccionados América Latina y el Caribe, 2000 a 2022",Chile,51 a 65 años,2015,44,Porcentaje sobre el total de personas en cada grupo etario,,9353
"Personas usuarias de Internet por grupo etario, países seleccionados América Latina y el Caribe, 2000 a 2022",Chile,51 a 65 años,2017,58,Porcentaje sobre el total de personas en cada grupo etario,,9353
"Personas usuarias de Internet por grupo etario, países seleccionados América Latina y el Caribe, 2000 a 2022",Chile,66 años en adelante,2000,2,Porcentaje sobre el total de personas en cada grupo etario,,9353
"Personas usuarias de Internet por grupo etario, países seleccionados América Latina y el Caribe, 2000 a 2022",Chile,66 años en adelante,2003,3,Porcentaje sobre el total de personas en cada grupo etario,,9353
"Personas usuarias de Internet por grupo etario, países seleccionados América Latina y el Caribe, 2000 a 2022",Chile,66 años en adelante,2006,3,Porcentaje sobre el total de personas en cada grupo etario,,9353
"Personas usuarias de Internet por grupo etario, países seleccionados América Latina y el Caribe, 2000 a 2022",Chile,66 años en adelante,2009,6,Porcentaje sobre el total de personas en cada grupo etario,,9353
"Personas usuarias de Internet por grupo etario, países seleccionados América Latina y el Caribe, 2000 a 2022",Chile,66 años en adelante,2011,8,Porcentaje sobre el total de personas en cada grupo etario,,9353
"Personas usuarias de Internet por grupo etario, países seleccionados América Latina y el Caribe, 2000 a 2022",Chile,66 años en adelante,2013,10,Porcentaje sobre el total de personas en cada grupo etario,,9353
"Personas usuarias de Internet por grupo etario, países seleccionados América Latina y el Caribe, 2000 a 2022",Chile,66 años en adelante,2015,16,Porcentaje sobre el total de personas en cada grupo etario,,9353
"Personas usuarias de Internet por grupo etario, países seleccionados América Latina y el Caribe, 2000 a 2022",Chile,66 años en adelante,2017,23,Porcentaje sobre el total de personas en cada grupo etario,,9353
"Personas usuarias de Internet por grupo etario, países seleccionados América Latina y el Caribe, 2000 a 2022",Chile,Total,2000,19,Porcentaje sobre el total de personas en cada grupo etario,,9353
"Personas usuarias de Internet por grupo etario, países seleccionados América Latina y el Caribe, 2000 a 2022",Chile,Total,2003,28,Porcentaje sobre el total de personas en cada grupo etario,,9353
"Personas usuarias de Internet por grupo etario, países seleccionados América Latina y el Caribe, 2000 a 2022",Chile,Total,2006,37,Porcentaje sobre el total de personas en cada grupo etario,,9353
"Personas usuarias de Internet por grupo etario, países seleccionados América Latina y el Caribe, 2000 a 2022",Chile,Total,2009,43,Porcentaje sobre el total de personas en cada grupo etario,,9353
"Personas usuarias de Internet por grupo etario, países seleccionados América Latina y el Caribe, 2000 a 2022",Chile,Total,2011,53,Porcentaje sobre el total de personas en cada grupo etario,,9353
"Personas usuarias de Internet por grupo etario, países seleccionados América Latina y el Caribe, 2000 a 2022",Chile,Total,2013,60,Porcentaje sobre el total de personas en cada grupo etario,,9353
"Personas usuarias de Internet por grupo etario, países seleccionados América Latina y el Caribe, 2000 a 2022",Chile,Total,2015,68,Porcentaje sobre el total de personas en cada grupo etario,,9353
"Personas usuarias de Internet por grupo etario, países seleccionados América Latina y el Caribe, 2000 a 2022",Chile,Total,2017,75,Porcentaje sobre el total de personas en cada grupo etario,,9353
"Personas usuarias de Internet por grupo etario, países seleccionados América Latina y el Caribe, 2000 a 2022",Colombia,edad de medicion a 17 años,2012,67,Porcentaje sobre el total de personas en cada grupo etario,,9353
"Personas usuarias de Internet por grupo etario, países seleccionados América Latina y el Caribe, 2000 a 2022",Colombia,edad de medicion a 17 años,2013,70,Porcentaje sobre el total de personas en cada grupo etario,,9353
"Personas usuarias de Internet por grupo etario, países seleccionados América Latina y el Caribe, 2000 a 2022",Colombia,edad de medicion a 17 años,2014,71,Porcentaje sobre el total de personas en cada grupo etario,,9353
"Personas usuarias de Internet por grupo etario, países seleccionados América Latina y el Caribe, 2000 a 2022",Colombia,edad de medicion a 17 años,2015,71,Porcentaje sobre el total de personas en cada grupo etario,,9353
"Personas usuarias de Internet por grupo etario, países seleccionados América Latina y el Caribe, 2000 a 2022",Colombia,edad de medicion a 17 años,2016,69,Porcentaje sobre el total de personas en cada grupo etario,,9353
"Personas usuarias de Internet por grupo etario, países seleccionados América Latina y el Caribe, 2000 a 2022",Colombia,edad de medicion a 17 años,2018,66,Porcentaje sobre el total de personas en cada grupo etario,,9353
"Personas usuarias de Internet por grupo etario, países seleccionados América Latina y el Caribe, 2000 a 2022",Colombia,edad de medicion a 17 años,2019,67,Porcentaje sobre el total de personas en cada grupo etario,,9353
"Personas usuarias de Internet por grupo etario, países seleccionados América Latina y el Caribe, 2000 a 2022",Colombia,edad de medicion a 17 años,2020,74,Porcentaje sobre el total de personas en cada grupo etario,,9353
"Personas usuarias de Internet por grupo etario, países seleccionados América Latina y el Caribe, 2000 a 2022",Colombia,edad de medicion a 17 años,2021,78,Porcentaje sobre el total de personas en cada grupo etario,,9353
"Personas usuarias de Internet por grupo etario, países seleccionados América Latina y el Caribe, 2000 a 2022",Colombia,edad de medicion a 17 años,2022,72,Porcentaje sobre el total de personas en cada grupo etario,,9353
"Personas usuarias de Internet por grupo etario, países seleccionados América Latina y el Caribe, 2000 a 2022",Colombia,18 a 25 años de edad,2012,70,Porcentaje sobre el total de personas en cada grupo etario,,9353
"Personas usuarias de Internet por grupo etario, países seleccionados América Latina y el Caribe, 2000 a 2022",Colombia,18 a 25 años de edad,2013,74,Porcentaje sobre el total de personas en cada grupo etario,,9353
"Personas usuarias de Internet por grupo etario, países seleccionados América Latina y el Caribe, 2000 a 2022",Colombia,18 a 25 años de edad,2014,73,Porcentaje sobre el total de personas en cada grupo etario,,9353
"Personas usuarias de Internet por grupo etario, países seleccionados América Latina y el Caribe, 2000 a 2022",Colombia,18 a 25 años de edad,2015,77,Porcentaje sobre el total de personas en cada grupo etario,,9353
"Personas usuarias de Internet por grupo etario, países seleccionados América Latina y el Caribe, 2000 a 2022",Colombia,18 a 25 años de edad,2016,80,Porcentaje sobre el total de personas en cada grupo etario,,9353
"Personas usuarias de Internet por grupo etario, países seleccionados América Latina y el Caribe, 2000 a 2022",Colombia,18 a 25 años de edad,2018,83,Porcentaje sobre el total de personas en cada grupo etario,,9353
"Personas usuarias de Internet por grupo etario, países seleccionados América Latina y el Caribe, 2000 a 2022",Colombia,18 a 25 años de edad,2019,83,Porcentaje sobre el total de personas en cada grupo etario,,9353
"Personas usuarias de Internet por grupo etario, países seleccionados América Latina y el Caribe, 2000 a 2022",Colombia,18 a 25 años de edad,2020,84,Porcentaje sobre el total de personas en cada grupo etario,,9353
"Personas usuarias de Internet por grupo etario, países seleccionados América Latina y el Caribe, 2000 a 2022",Colombia,18 a 25 años de edad,2021,87,Porcentaje sobre el total de personas en cada grupo etario,,9353
"Personas usuarias de Internet por grupo etario, países seleccionados América Latina y el Caribe, 2000 a 2022",Colombia,18 a 25 años de edad,2022,88,Porcentaje sobre el total de personas en cada grupo etario,,9353
"Personas usuarias de Internet por grupo etario, países seleccionados América Latina y el Caribe, 2000 a 2022",Colombia,26 a 50 años de edad,2012,46,Porcentaje sobre el total de personas en cada grupo etario,,9353
"Personas usuarias de Internet por grupo etario, países seleccionados América Latina y el Caribe, 2000 a 2022",Colombia,26 a 50 años de edad,2013,49,Porcentaje sobre el total de personas en cada grupo etario,,9353
"Personas usuarias de Internet por grupo etario, países seleccionados América Latina y el Caribe, 2000 a 2022",Colombia,26 a 50 años de edad,2014,51,Porcentaje sobre el total de personas en cada grupo etario,,9353
"Personas usuarias de Internet por grupo etario, países seleccionados América Latina y el Caribe, 2000 a 2022",Colombia,26 a 50 años de edad,2015,57,Porcentaje sobre el total de personas en cada grupo etario,,9353
"Personas usuarias de Internet por grupo etario, países seleccionados América Latina y el Caribe, 2000 a 2022",Colombia,26 a 50 años de edad,2016,62,Porcentaje sobre el total de personas en cada grupo etario,,9353
"Personas usuarias de Internet por grupo etario, países seleccionados América Latina y el Caribe, 2000 a 2022",Colombia,26 a 50 años de edad,2018,71,Porcentaje sobre el total de personas en cada grupo etario,,9353
"Personas usuarias de Internet por grupo etario, países seleccionados América Latina y el Caribe, 2000 a 2022",Colombia,26 a 50 años de edad,2019,74,Porcentaje sobre el total de personas en cada grupo etario,,9353
"Personas usuarias de Internet por grupo etario, países seleccionados América Latina y el Caribe, 2000 a 2022",Colombia,26 a 50 años de edad,2020,78,Porcentaje sobre el total de personas en cada grupo etario,,9353
"Personas usuarias de Internet por grupo etario, países seleccionados América Latina y el Caribe, 2000 a 2022",Colombia,26 a 50 años de edad,2021,81,Porcentaje sobre el total de personas en cada grupo etario,,9353
"Personas usuarias de Internet por grupo etario, países seleccionados América Latina y el Caribe, 2000 a 2022",Colombia,26 a 50 años de edad,2022,83,Porcentaje sobre el total de personas en cada grupo etario,,9353
"Personas usuarias de Internet por grupo etario, países seleccionados América Latina y el Caribe, 2000 a 2022",Colombia,51 a 65 años,2012,20,Porcentaje sobre el total de personas en cada grupo etario,,9353
"Personas usuarias de Internet por grupo etario, países seleccionados América Latina y el Caribe, 2000 a 2022",Colombia,51 a 65 años,2013,24,Porcentaje sobre el total de personas en cada grupo etario,,9353
"Personas usuarias de Internet por grupo etario, países seleccionados América Latina y el Caribe, 2000 a 2022",Colombia,51 a 65 años,2014,24,Porcentaje sobre el total de personas en cada grupo etario,,9353
"Personas usuarias de Internet por grupo etario, países seleccionados América Latina y el Caribe, 2000 a 2022",Colombia,51 a 65 años,2015,29,Porcentaje sobre el total de personas en cada grupo etario,,9353
"Personas usuarias de Internet por grupo etario, países seleccionados América Latina y el Caribe, 2000 a 2022",Colombia,51 a 65 años,2016,34,Porcentaje sobre el total de personas en cada grupo etario,,9353
"Personas usuarias de Internet por grupo etario, países seleccionados América Latina y el Caribe, 2000 a 2022",Colombia,51 a 65 años,2018,48,Porcentaje sobre el total de personas en cada grupo etario,,9353
"Personas usuarias de Internet por grupo etario, países seleccionados América Latina y el Caribe, 2000 a 2022",Colombia,51 a 65 años,2019,50,Porcentaje sobre el total de personas en cada grupo etario,,9353
"Personas usuarias de Internet por grupo etario, países seleccionados América Latina y el Caribe, 2000 a 2022",Colombia,51 a 65 años,2020,57,Porcentaje sobre el total de personas en cada grupo etario,,9353
"Personas usuarias de Internet por grupo etario, países seleccionados América Latina y el Caribe, 2000 a 2022",Colombia,51 a 65 años,2021,61,Porcentaje sobre el total de personas en cada grupo etario,,9353
"Personas usuarias de Internet por grupo etario, países seleccionados América Latina y el Caribe, 2000 a 2022",Colombia,51 a 65 años,2022,62,Porcentaje sobre el total de personas en cada grupo etario,,9353
"Personas usuarias de Internet por grupo etario, países seleccionados América Latina y el Caribe, 2000 a 2022",Colombia,66 años en adelante,2012,5,Porcentaje sobre el total de personas en cada grupo etario,,9353
"Personas usuarias de Internet por grupo etario, países seleccionados América Latina y el Caribe, 2000 a 2022",Colombia,66 años en adelante,2013,5,Porcentaje sobre el total de personas en cada grupo etario,,9353
"Personas usuarias de Internet por grupo etario, países seleccionados América Latina y el Caribe, 2000 a 2022",Colombia,66 años en adelante,2014,7,Porcentaje sobre el total de personas en cada grupo etario,,9353
"Personas usuarias de Internet por grupo etario, países seleccionados América Latina y el Caribe, 2000 a 2022",Colombia,66 años en adelante,2015,9,Porcentaje sobre el total de personas en cada grupo etario,,9353
"Personas usuarias de Internet por grupo etario, países seleccionados América Latina y el Caribe, 2000 a 2022",Colombia,66 años en adelante,2016,10,Porcentaje sobre el total de personas en cada grupo etario,,9353
"Personas usuarias de Internet por grupo etario, países seleccionados América Latina y el Caribe, 2000 a 2022",Colombia,66 años en adelante,2018,21,Porcentaje sobre el total de personas en cada grupo etario,,9353
"Personas usuarias de Internet por grupo etario, países seleccionados América Latina y el Caribe, 2000 a 2022",Colombia,66 años en adelante,2019,22,Porcentaje sobre el total de personas en cada grupo etario,,9353
"Personas usuarias de Internet por grupo etario, países seleccionados América Latina y el Caribe, 2000 a 2022",Colombia,66 años en adelante,2020,29,Porcentaje sobre el total de personas en cada grupo etario,,9353
"Personas usuarias de Internet por grupo etario, países seleccionados América Latina y el Caribe, 2000 a 2022",Colombia,66 años en adelante,2021,32,Porcentaje sobre el total de personas en cada grupo etario,,9353
"Personas usuarias de Internet por grupo etario, países seleccionados América Latina y el Caribe, 2000 a 2022",Colombia,66 años en adelante,2022,33,Porcentaje sobre el total de personas en cada grupo etario,,9353
"Personas usuarias de Internet por grupo etario, países seleccionados América Latina y el Caribe, 2000 a 2022",Colombia,Total,2012,49,Porcentaje sobre el total de personas en cada grupo etario,,9353
"Personas usuarias de Internet por grupo etario, países seleccionados América Latina y el Caribe, 2000 a 2022",Colombia,Total,2013,52,Porcentaje sobre el total de personas en cada grupo etario,,9353
"Personas usuarias de Internet por grupo etario, países seleccionados América Latina y el Caribe, 2000 a 2022",Colombia,Total,2014,53,Porcentaje sobre el total de personas en cada grupo etario,,9353
"Personas usuarias de Internet por grupo etario, países seleccionados América Latina y el Caribe, 2000 a 2022",Colombia,Total,2015,56,Porcentaje sobre el total de personas en cada grupo etario,,9353
"Personas usuarias de Internet por grupo etario, países seleccionados América Latina y el Caribe, 2000 a 2022",Colombia,Total,2016,58,Porcentaje sobre el total de personas en cada grupo etario,,9353
"Personas usuarias de Internet por grupo etario, países seleccionados América Latina y el Caribe, 2000 a 2022",Colombia,Total,2018,64,Porcentaje sobre el total de personas en cada grupo etario,,9353
"Personas usuarias de Internet por grupo etario, países seleccionados América Latina y el Caribe, 2000 a 2022",Colombia,Total,2019,65,Porcentaje sobre el total de personas en cada grupo etario,,9353
"Personas usuarias de Internet por grupo etario, países seleccionados América Latina y el Caribe, 2000 a 2022",Colombia,Total,2020,70,Porcentaje sobre el total de personas en cada grupo etario,,9353
"Personas usuarias de Internet por grupo etario, países seleccionados América Latina y el Caribe, 2000 a 2022",Colombia,Total,2021,73,Porcentaje sobre el total de personas en cada grupo etario,,9353
"Personas usuarias de Internet por grupo etario, países seleccionados América Latina y el Caribe, 2000 a 2022",Colombia,Total,2022,73,Porcentaje sobre el total de personas en cada grupo etario,,9353
"Personas usuarias de Internet por grupo etario, países seleccionados América Latina y el Caribe, 2000 a 2022",Costa Rica,edad de medicion a 17 años,2012,54,Porcentaje sobre el total de personas en cada grupo etario,,9353
"Personas usuarias de Internet por grupo etario, países seleccionados América Latina y el Caribe, 2000 a 2022",Costa Rica,edad de medicion a 17 años,2015,62,Porcentaje sobre el total de personas en cada grupo etario,,9353
"Personas usuarias de Internet por grupo etario, países seleccionados América Latina y el Caribe, 2000 a 2022",Costa Rica,edad de medicion a 17 años,2016,67,Porcentaje sobre el total de personas en cada grupo etario,,9353
"Personas usuarias de Internet por grupo etario, países seleccionados América Latina y el Caribe, 2000 a 2022",Costa Rica,edad de medicion a 17 años,2017,72,Porcentaje sobre el total de personas en cada grupo etario,,9353
"Personas usuarias de Internet por grupo etario, países seleccionados América Latina y el Caribe, 2000 a 2022",Costa Rica,edad de medicion a 17 años,2018,71,Porcentaje sobre el total de personas en cada grupo etario,,9353
"Personas usuarias de Internet por grupo etario, países seleccionados América Latina y el Caribe, 2000 a 2022",Costa Rica,edad de medicion a 17 años,2019,78,Porcentaje sobre el total de personas en cada grupo etario,,9353
"Personas usuarias de Internet por grupo etario, países seleccionados América Latina y el Caribe, 2000 a 2022",Costa Rica,edad de medicion a 17 años,2020,80,Porcentaje sobre el total de personas en cada grupo etario,,9353
"Personas usuarias de Internet por grupo etario, países seleccionados América Latina y el Caribe, 2000 a 2022",Costa Rica,edad de medicion a 17 años,2021,82,Porcentaje sobre el total de personas en cada grupo etario,,9353
"Personas usuarias de Internet por grupo etario, países seleccionados América Latina y el Caribe, 2000 a 2022",Costa Rica,edad de medicion a 17 años,2022,78,Porcentaje sobre el total de personas en cada grupo etario,,9353
"Personas usuarias de Internet por grupo etario, países seleccionados América Latina y el Caribe, 2000 a 2022",Costa Rica,18 a 25 años de edad,2012,70,Porcentaje sobre el total de personas en cada grupo etario,,9353
"Personas usuarias de Internet por grupo etario, países seleccionados América Latina y el Caribe, 2000 a 2022",Costa Rica,18 a 25 años de edad,2015,82,Porcentaje sobre el total de personas en cada grupo etario,,9353
"Personas usuarias de Internet por grupo etario, países seleccionados América Latina y el Caribe, 2000 a 2022",Costa Rica,18 a 25 años de edad,2016,86,Porcentaje sobre el total de personas en cada grupo etario,,9353
"Personas usuarias de Internet por grupo etario, países seleccionados América Latina y el Caribe, 2000 a 2022",Costa Rica,18 a 25 años de edad,2017,91,Porcentaje sobre el total de personas en cada grupo etario,,9353
"Personas usuarias de Internet por grupo etario, países seleccionados América Latina y el Caribe, 2000 a 2022",Costa Rica,18 a 25 años de edad,2018,91,Porcentaje sobre el total de personas en cada grupo etario,,9353
"Personas usuarias de Internet por grupo etario, países seleccionados América Latina y el Caribe, 2000 a 2022",Costa Rica,18 a 25 años de edad,2019,96,Porcentaje sobre el total de personas en cada grupo etario,,9353
"Personas usuarias de Internet por grupo etario, países seleccionados América Latina y el Caribe, 2000 a 2022",Costa Rica,18 a 25 años de edad,2020,94,Porcentaje sobre el total de personas en cada grupo etario,,9353
"Personas usuarias de Internet por grupo etario, países seleccionados América Latina y el Caribe, 2000 a 2022",Costa Rica,18 a 25 años de edad,2021,95,Porcentaje sobre el total de personas en cada grupo etario,,9353
"Personas usuarias de Internet por grupo etario, países seleccionados América Latina y el Caribe, 2000 a 2022",Costa Rica,18 a 25 años de edad,2022,94,Porcentaje sobre el total de personas en cada grupo etario,,9353
"Personas usuarias de Internet por grupo etario, países seleccionados América Latina y el Caribe, 2000 a 2022",Costa Rica,26 a 50 años de edad,2012,51,Porcentaje sobre el total de personas en cada grupo etario,,9353
"Personas usuarias de Internet por grupo etario, países seleccionados América Latina y el Caribe, 2000 a 2022",Costa Rica,26 a 50 años de edad,2015,69,Porcentaje sobre el total de personas en cada grupo etario,,9353
"Personas usuarias de Internet por grupo etario, países seleccionados América Latina y el Caribe, 2000 a 2022",Costa Rica,26 a 50 años de edad,2016,77,Porcentaje sobre el total de personas en cada grupo etario,,9353
"Personas usuarias de Internet por grupo etario, países seleccionados América Latina y el Caribe, 2000 a 2022",Costa Rica,26 a 50 años de edad,2017,83,Porcentaje sobre el total de personas en cada grupo etario,,9353
"Personas usuarias de Internet por grupo etario, países seleccionados América Latina y el Caribe, 2000 a 2022",Costa Rica,26 a 50 años de edad,2018,86,Porcentaje sobre el total de personas en cada grupo etario,,9353
"Personas usuarias de Internet por grupo etario, países seleccionados América Latina y el Caribe, 2000 a 2022",Costa Rica,26 a 50 años de edad,2019,94,Porcentaje sobre el total de personas en cada grupo etario,,9353
"Personas usuarias de Internet por grupo etario, países seleccionados América Latina y el Caribe, 2000 a 2022",Costa Rica,26 a 50 años de edad,2020,91,Porcentaje sobre el total de personas en cada grupo etario,,9353
"Personas usuarias de Internet por grupo etario, países seleccionados América Latina y el Caribe, 2000 a 2022",Costa Rica,26 a 50 años de edad,2021,92,Porcentaje sobre el total de personas en cada grupo etario,,9353
"Personas usuarias de Internet por grupo etario, países seleccionados América Latina y el Caribe, 2000 a 2022",Costa Rica,26 a 50 años de edad,2022,92,Porcentaje sobre el total de personas en cada grupo etario,,9353
"Personas usuarias de Internet por grupo etario, países seleccionados América Latina y el Caribe, 2000 a 2022",Costa Rica,51 a 65 años,2012,26,Porcentaje sobre el total de personas en cada grupo etario,,9353
"Personas usuarias de Internet por grupo etario, países seleccionados América Latina y el Caribe, 2000 a 2022",Costa Rica,51 a 65 años,2015,40,Porcentaje sobre el total de personas en cada grupo etario,,9353
"Personas usuarias de Internet por grupo etario, países seleccionados América Latina y el Caribe, 2000 a 2022",Costa Rica,51 a 65 años,2016,50,Porcentaje sobre el total de personas en cada grupo etario,,9353
"Personas usuarias de Internet por grupo etario, países seleccionados América Latina y el Caribe, 2000 a 2022",Costa Rica,51 a 65 años,2017,59,Porcentaje sobre el total de personas en cada grupo etario,,9353
"Personas usuarias de Internet por grupo etario, países seleccionados América Latina y el Caribe, 2000 a 2022",Costa Rica,51 a 65 años,2018,64,Porcentaje sobre el total de personas en cada grupo etario,,9353
"Personas usuarias de Internet por grupo etario, países seleccionados América Latina y el Caribe, 2000 a 2022",Costa Rica,51 a 65 años,2019,76,Porcentaje sobre el total de personas en cada grupo etario,,9353
"Personas usuarias de Internet por grupo etario, países seleccionados América Latina y el Caribe, 2000 a 2022",Costa Rica,51 a 65 años,2020,76,Porcentaje sobre el total de personas en cada grupo etario,,9353
"Personas usuarias de Internet por grupo etario, países seleccionados América Latina y el Caribe, 2000 a 2022",Costa Rica,51 a 65 años,2021,80,Porcentaje sobre el total de personas en cada grupo etario,,9353
"Personas usuarias de Internet por grupo etario, países seleccionados América Latina y el Caribe, 2000 a 2022",Costa Rica,51 a 65 años,2022,83,Porcentaje sobre el total de personas en cada grupo etario,,9353
"Personas usuarias de Internet por grupo etario, países seleccionados América Latina y el Caribe, 2000 a 2022",Costa Rica,66 años en adelante,2012,9,Porcentaje sobre el total de personas en cada grupo etario,,9353
"Personas usuarias de Internet por grupo etario, países seleccionados América Latina y el Caribe, 2000 a 2022",Costa Rica,66 años en adelante,2015,14,Porcentaje sobre el total de personas en cada grupo etario,,9353
"Personas usuarias de Internet por grupo etario, países seleccionados América Latina y el Caribe, 2000 a 2022",Costa Rica,66 años en adelante,2016,18,Porcentaje sobre el total de personas en cada grupo etario,,9353
"Personas usuarias de Internet por grupo etario, países seleccionados América Latina y el Caribe, 2000 a 2022",Costa Rica,66 años en adelante,2017,24,Porcentaje sobre el total de personas en cada grupo etario,,9353
"Personas usuarias de Internet por grupo etario, países seleccionados América Latina y el Caribe, 2000 a 2022",Costa Rica,66 años en adelante,2018,27,Porcentaje sobre el total de personas en cada grupo etario,,9353
"Personas usuarias de Internet por grupo etario, países seleccionados América Latina y el Caribe, 2000 a 2022",Costa Rica,66 años en adelante,2019,37,Porcentaje sobre el total de personas en cada grupo etario,,9353
"Personas usuarias de Internet por grupo etario, países seleccionados América Latina y el Caribe, 2000 a 2022",Costa Rica,66 años en adelante,2020,39,Porcentaje sobre el total de personas en cada grupo etario,,9353
"Personas usuarias de Internet por grupo etario, países seleccionados América Latina y el Caribe, 2000 a 2022",Costa Rica,66 años en adelante,2021,46,Porcentaje sobre el total de personas en cada grupo etario,,9353
"Personas usuarias de Internet por grupo etario, países seleccionados América Latina y el Caribe, 2000 a 2022",Costa Rica,66 años en adelante,2022,51,Porcentaje sobre el total de personas en cada grupo etario,,9353
"Personas usuarias de Internet por grupo etario, países seleccionados América Latina y el Caribe, 2000 a 2022",Costa Rica,Total,2012,48,Porcentaje sobre el total de personas en cada grupo etario,,9353
"Personas usuarias de Internet por grupo etario, países seleccionados América Latina y el Caribe, 2000 a 2022",Costa Rica,Total,2015,60,Porcentaje sobre el total de personas en cada grupo etario,,9353
"Personas usuarias de Internet por grupo etario, países seleccionados América Latina y el Caribe, 2000 a 2022",Costa Rica,Total,2016,66,Porcentaje sobre el total de personas en cada grupo etario,,9353
"Personas usuarias de Internet por grupo etario, países seleccionados América Latina y el Caribe, 2000 a 2022",Costa Rica,Total,2017,72,Porcentaje sobre el total de personas en cada grupo etario,,9353
"Personas usuarias de Internet por grupo etario, países seleccionados América Latina y el Caribe, 2000 a 2022",Costa Rica,Total,2018,74,Porcentaje sobre el total de personas en cada grupo etario,,9353
"Personas usuarias de Internet por grupo etario, países seleccionados América Latina y el Caribe, 2000 a 2022",Costa Rica,Total,2019,81,Porcentaje sobre el total de personas en cada grupo etario,,9353
"Personas usuarias de Internet por grupo etario, países seleccionados América Latina y el Caribe, 2000 a 2022",Costa Rica,Total,2020,81,Porcentaje sobre el total de personas en cada grupo etario,,9353
"Personas usuarias de Internet por grupo etario, países seleccionados América Latina y el Caribe, 2000 a 2022",Costa Rica,Total,2021,83,Porcentaje sobre el total de personas en cada grupo etario,,9353
"Personas usuarias de Internet por grupo etario, países seleccionados América Latina y el Caribe, 2000 a 2022",Costa Rica,Total,2022,83,Porcentaje sobre el total de personas en cada grupo etario,,9353
"Personas usuarias de Internet por grupo etario, países seleccionados América Latina y el Caribe, 2000 a 2022",Ecuador,edad de medicion a 17 años,2009,29,Porcentaje sobre el total de personas en cada grupo etario,,9353
"Personas usuarias de Internet por grupo etario, países seleccionados América Latina y el Caribe, 2000 a 2022",Ecuador,edad de medicion a 17 años,2010,38,Porcentaje sobre el total de personas en cada grupo etario,,9353
"Personas usuarias de Internet por grupo etario, países seleccionados América Latina y el Caribe, 2000 a 2022",Ecuador,edad de medicion a 17 años,2013,54,Porcentaje sobre el total de personas en cada grupo etario,,9353
"Personas usuarias de Internet por grupo etario, países seleccionados América Latina y el Caribe, 2000 a 2022",Ecuador,edad de medicion a 17 años,2015,61,Porcentaje sobre el total de personas en cada grupo etario,,9353
"Personas usuarias de Internet por grupo etario, países seleccionados América Latina y el Caribe, 2000 a 2022",Ecuador,edad de medicion a 17 años,2016,66,Porcentaje sobre el total de personas en cada grupo etario,,9353
"Personas usuarias de Internet por grupo etario, países seleccionados América Latina y el Caribe, 2000 a 2022",Ecuador,edad de medicion a 17 años,2017,65,Porcentaje sobre el total de personas en cada grupo etario,,9353
"Personas usuarias de Internet por grupo etario, países seleccionados América Latina y el Caribe, 2000 a 2022",Ecuador,edad de medicion a 17 años,2018,54,Porcentaje sobre el total de personas en cada grupo etario,,9353
"Personas usuarias de Internet por grupo etario, países seleccionados América Latina y el Caribe, 2000 a 2022",Ecuador,edad de medicion a 17 años,2019,54,Porcentaje sobre el total de personas en cada grupo etario,,9353
"Personas usuarias de Internet por grupo etario, países seleccionados América Latina y el Caribe, 2000 a 2022",Ecuador,18 a 25 años de edad,2009,45,Porcentaje sobre el total de personas en cada grupo etario,,9353
"Personas usuarias de Internet por grupo etario, países seleccionados América Latina y el Caribe, 2000 a 2022",Ecuador,18 a 25 años de edad,2010,51,Porcentaje sobre el total de personas en cada grupo etario,,9353
"Personas usuarias de Internet por grupo etario, países seleccionados América Latina y el Caribe, 2000 a 2022",Ecuador,18 a 25 años de edad,2013,63,Porcentaje sobre el total de personas en cada grupo etario,,9353
"Personas usuarias de Internet por grupo etario, países seleccionados América Latina y el Caribe, 2000 a 2022",Ecuador,18 a 25 años de edad,2015,75,Porcentaje sobre el total de personas en cada grupo etario,,9353
"Personas usuarias de Internet por grupo etario, países seleccionados América Latina y el Caribe, 2000 a 2022",Ecuador,18 a 25 años de edad,2016,80,Porcentaje sobre el total de personas en cada grupo etario,,9353
"Personas usuarias de Internet por grupo etario, países seleccionados América Latina y el Caribe, 2000 a 2022",Ecuador,18 a 25 años de edad,2017,83,Porcentaje sobre el total de personas en cada grupo etario,,9353
"Personas usuarias de Internet por grupo etario, países seleccionados América Latina y el Caribe, 2000 a 2022",Ecuador,18 a 25 años de edad,2018,82,Porcentaje sobre el total de personas en cada grupo etario,,9353
"Personas usuarias de Internet por grupo etario, países seleccionados América Latina y el Caribe, 2000 a 2022",Ecuador,18 a 25 años de edad,2019,85,Porcentaje sobre el total de personas en cada grupo etario,,9353
"Personas usuarias de Internet por grupo etario, países seleccionados América Latina y el Caribe, 2000 a 2022",Ecuador,26 a 50 años de edad,2009,22,Porcentaje sobre el total de personas en cada grupo etario,,9353
"Personas usuarias de Internet por grupo etario, países seleccionados América Latina y el Caribe, 2000 a 2022",Ecuador,26 a 50 años de edad,2010,25,Porcentaje sobre el total de personas en cada grupo etario,,9353
"Personas usuarias de Internet por grupo etario, países seleccionados América Latina y el Caribe, 2000 a 2022",Ecuador,26 a 50 años de edad,2013,37,Porcentaje sobre el total de personas en cada grupo etario,,9353
"Personas usuarias de Internet por grupo etario, países seleccionados América Latina y el Caribe, 2000 a 2022",Ecuador,26 a 50 años de edad,2015,50,Porcentaje sobre el total de personas en cada grupo etario,,9353
"Personas usuarias de Internet por grupo etario, países seleccionados América Latina y el Caribe, 2000 a 2022",Ecuador,26 a 50 años de edad,2016,57,Porcentaje sobre el total de personas en cada grupo etario,,9353
"Personas usuarias de Internet por grupo etario, países seleccionados América Latina y el Caribe, 2000 a 2022",Ecuador,26 a 50 años de edad,2017,63,Porcentaje sobre el total de personas en cada grupo etario,,9353
"Personas usuarias de Internet por grupo etario, países seleccionados América Latina y el Caribe, 2000 a 2022",Ecuador,26 a 50 años de edad,2018,68,Porcentaje sobre el total de personas en cada grupo etario,,9353
"Personas usuarias de Internet por grupo etario, países seleccionados América Latina y el Caribe, 2000 a 2022",Ecuador,26 a 50 años de edad,2019,73,Porcentaje sobre el total de personas en cada grupo etario,,9353
"Personas usuarias de Internet por grupo etario, países seleccionados América Latina y el Caribe, 2000 a 2022",Ecuador,51 a 65 años,2009,12,Porcentaje sobre el total de personas en cada grupo etario,,9353
"Personas usuarias de Internet por grupo etario, países seleccionados América Latina y el Caribe, 2000 a 2022",Ecuador,51 a 65 años,2010,13,Porcentaje sobre el total de personas en cada grupo etario,,9353
"Personas usuarias de Internet por grupo etario, países seleccionados América Latina y el Caribe, 2000 a 2022",Ecuador,51 a 65 años,2013,18,Porcentaje sobre el total de personas en cada grupo etario,,9353
"Personas usuarias de Internet por grupo etario, países seleccionados América Latina y el Caribe, 2000 a 2022",Ecuador,51 a 65 años,2015,22,Porcentaje sobre el total de personas en cada grupo etario,,9353
"Personas usuarias de Internet por grupo etario, países seleccionados América Latina y el Caribe, 2000 a 2022",Ecuador,51 a 65 años,2016,27,Porcentaje sobre el total de personas en cada grupo etario,,9353
"Personas usuarias de Internet por grupo etario, países seleccionados América Latina y el Caribe, 2000 a 2022",Ecuador,51 a 65 años,2017,30,Porcentaje sobre el total de personas en cada grupo etario,,9353
"Personas usuarias de Internet por grupo etario, países seleccionados América Latina y el Caribe, 2000 a 2022",Ecuador,51 a 65 años,2018,39,Porcentaje sobre el total de personas en cada grupo etario,,9353
"Personas usuarias de Internet por grupo etario, países seleccionados América Latina y el Caribe, 2000 a 2022",Ecuador,51 a 65 años,2019,46,Porcentaje sobre el total de personas en cada grupo etario,,9353
"Personas usuarias de Internet por grupo etario, países seleccionados América Latina y el Caribe, 2000 a 2022",Ecuador,66 años en adelante,2009,1,Porcentaje sobre el total de personas en cada grupo etario,,9353
"Personas usuarias de Internet por grupo etario, países seleccionados América Latina y el Caribe, 2000 a 2022",Ecuador,66 años en adelante,2010,3,Porcentaje sobre el total de personas en cada grupo etario,,9353
"Personas usuarias de Internet por grupo etario, países seleccionados América Latina y el Caribe, 2000 a 2022",Ecuador,66 años en adelante,2013,4,Porcentaje sobre el total de personas en cada grupo etario,,9353
"Personas usuarias de Internet por grupo etario, países seleccionados América Latina y el Caribe, 2000 a 2022",Ecuador,66 años en adelante,2015,5,Porcentaje sobre el total de personas en cada grupo etario,,9353
"Personas usuarias de Internet por grupo etario, países seleccionados América Latina y el Caribe, 2000 a 2022",Ecuador,66 años en adelante,2016,7,Porcentaje sobre el total de personas en cada grupo etario,,9353
"Personas usuarias de Internet por grupo etario, países seleccionados América Latina y el Caribe, 2000 a 2022",Ecuador,66 años en adelante,2017,7,Porcentaje sobre el total de personas en cada grupo etario,,9353
"Personas usuarias de Internet por grupo etario, países seleccionados América Latina y el Caribe, 2000 a 2022",Ecuador,66 años en adelante,2018,14,Porcentaje sobre el total de personas en cada grupo etario,,9353
"Personas usuarias de Internet por grupo etario, países seleccionados América Latina y el Caribe, 2000 a 2022",Ecuador,66 años en adelante,2019,16,Porcentaje sobre el total de personas en cada grupo etario,,9353
"Personas usuarias de Internet por grupo etario, países seleccionados América Latina y el Caribe, 2000 a 2022",Ecuador,Total,2009,25,Porcentaje sobre el total de personas en cada grupo etario,,9353
"Personas usuarias de Internet por grupo etario, países seleccionados América Latina y el Caribe, 2000 a 2022",Ecuador,Total,2010,29,Porcentaje sobre el total de personas en cada grupo etario,,9353
"Personas usuarias de Internet por grupo etario, países seleccionados América Latina y el Caribe, 2000 a 2022",Ecuador,Total,2013,40,Porcentaje sobre el total de personas en cada grupo etario,,9353
"Personas usuarias de Internet por grupo etario, países seleccionados América Latina y el Caribe, 2000 a 2022",Ecuador,Total,2015,51,Porcentaje sobre el total de personas en cada grupo etario,,9353
"Personas usuarias de Internet por grupo etario, países seleccionados América Latina y el Caribe, 2000 a 2022",Ecuador,Total,2016,56,Porcentaje sobre el total de personas en cada grupo etario,,9353
"Personas usuarias de Internet por grupo etario, países seleccionados América Latina y el Caribe, 2000 a 2022",Ecuador,Total,2017,58,Porcentaje sobre el total de personas en cada grupo etario,,9353
"Personas usuarias de Internet por grupo etario, países seleccionados América Latina y el Caribe, 2000 a 2022",Ecuador,Total,2018,56,Porcentaje sobre el total de personas en cada grupo etario,,9353
"Personas usuarias de Internet por grupo etario, países seleccionados América Latina y el Caribe, 2000 a 2022",Ecuador,Total,2019,59,Porcentaje sobre el total de personas en cada grupo etario,,9353
"Personas usuarias de Internet por grupo etario, países seleccionados América Latina y el Caribe, 2000 a 2022",El Salvador,edad de medicion a 17 años,2006,6,Porcentaje sobre el total de personas en cada grupo etario,,9353
"Personas usuarias de Internet por grupo etario, países seleccionados América Latina y el Caribe, 2000 a 2022",El Salvador,edad de medicion a 17 años,2007,9,Porcentaje sobre el total de personas en cada grupo etario,,9353
"Personas usuarias de Internet por grupo etario, países seleccionados América Latina y el Caribe, 2000 a 2022",El Salvador,edad de medicion a 17 años,2009,18,Porcentaje sobre el total de personas en cada grupo etario,,9353
"Personas usuarias de Internet por grupo etario, países seleccionados América Latina y el Caribe, 2000 a 2022",El Salvador,edad de medicion a 17 años,2010,23,Porcentaje sobre el total de personas en cada grupo etario,,9353
"Personas usuarias de Internet por grupo etario, países seleccionados América Latina y el Caribe, 2000 a 2022",El Salvador,edad de medicion a 17 años,2012,32,Porcentaje sobre el total de personas en cada grupo etario,,9353
"Personas usuarias de Internet por grupo etario, países seleccionados América Latina y el Caribe, 2000 a 2022",El Salvador,edad de medicion a 17 años,2013,37,Porcentaje sobre el total de personas en cada grupo etario,,9353
"Personas usuarias de Internet por grupo etario, países seleccionados América Latina y el Caribe, 2000 a 2022",El Salvador,edad de medicion a 17 años,2014,39,Porcentaje sobre el total de personas en cada grupo etario,,9353
"Personas usuarias de Internet por grupo etario, países seleccionados América Latina y el Caribe, 2000 a 2022",El Salvador,edad de medicion a 17 años,2015,41,Porcentaje sobre el total de personas en cada grupo etario,,9353
"Personas usuarias de Internet por grupo etario, países seleccionados América Latina y el Caribe, 2000 a 2022",El Salvador,edad de medicion a 17 años,2016,41,Porcentaje sobre el total de personas en cada grupo etario,,9353
"Personas usuarias de Internet por grupo etario, países seleccionados América Latina y el Caribe, 2000 a 2022",El Salvador,edad de medicion a 17 años,2017,45,Porcentaje sobre el total de personas en cada grupo etario,,9353
"Personas usuarias de Internet por grupo etario, países seleccionados América Latina y el Caribe, 2000 a 2022",El Salvador,edad de medicion a 17 años,2018,48,Porcentaje sobre el total de personas en cada grupo etario,,9353
"Personas usuarias de Internet por grupo etario, países seleccionados América Latina y el Caribe, 2000 a 2022",El Salvador,edad de medicion a 17 años,2019,58,Porcentaje sobre el total de personas en cada grupo etario,,9353
"Personas usuarias de Internet por grupo etario, países seleccionados América Latina y el Caribe, 2000 a 2022",El Salvador,18 a 25 años de edad,2006,9,Porcentaje sobre el total de personas en cada grupo etario,,9353
"Personas usuarias de Internet por grupo etario, países seleccionados América Latina y el Caribe, 2000 a 2022",El Salvador,18 a 25 años de edad,2007,12,Porcentaje sobre el total de personas en cada grupo etario,,9353
"Personas usuarias de Internet por grupo etario, países seleccionados América Latina y el Caribe, 2000 a 2022",El Salvador,18 a 25 años de edad,2009,20,Porcentaje sobre el total de personas en cada grupo etario,,9353
"Personas usuarias de Internet por grupo etario, países seleccionados América Latina y el Caribe, 2000 a 2022",El Salvador,18 a 25 años de edad,2010,27,Porcentaje sobre el total de personas en cada grupo etario,,9353
"Personas usuarias de Internet por grupo etario, países seleccionados América Latina y el Caribe, 2000 a 2022",El Salvador,18 a 25 años de edad,2012,33,Porcentaje sobre el total de personas en cada grupo etario,,9353
"Personas usuarias de Internet por grupo etario, países seleccionados América Latina y el Caribe, 2000 a 2022",El Salvador,18 a 25 años de edad,2013,36,Porcentaje sobre el total de personas en cada grupo etario,,9353
"Personas usuarias de Internet por grupo etario, países seleccionados América Latina y el Caribe, 2000 a 2022",El Salvador,18 a 25 años de edad,2014,39,Porcentaje sobre el total de personas en cada grupo etario,,9353
"Personas usuarias de Internet por grupo etario, países seleccionados América Latina y el Caribe, 2000 a 2022",El Salvador,18 a 25 años de edad,2015,43,Porcentaje sobre el total de personas en cada grupo etario,,9353
"Personas usuarias de Internet por grupo etario, países seleccionados América Latina y el Caribe, 2000 a 2022",El Salvador,18 a 25 años de edad,2016,45,Porcentaje sobre el total de personas en cada grupo etario,,9353
"Personas usuarias de Internet por grupo etario, países seleccionados América Latina y el Caribe, 2000 a 2022",El Salvador,18 a 25 años de edad,2017,55,Porcentaje sobre el total de personas en cada grupo etario,,9353
"Personas usuarias de Internet por grupo etario, países seleccionados América Latina y el Caribe, 2000 a 2022",El Salvador,18 a 25 años de edad,2018,63,Porcentaje sobre el total de personas en cada grupo etario,,9353
"Personas usuarias de Internet por grupo etario, países seleccionados América Latina y el Caribe, 2000 a 2022",El Salvador,18 a 25 años de edad,2019,73,Porcentaje sobre el total de personas en cada grupo etario,,9353
"Personas usuarias de Internet por grupo etario, países seleccionados América Latina y el Caribe, 2000 a 2022",El Salvador,26 a 50 años de edad,2006,4,Porcentaje sobre el total de personas en cada grupo etario,,9353
"Personas usuarias de Internet por grupo etario, países seleccionados América Latina y el Caribe, 2000 a 2022",El Salvador,26 a 50 años de edad,2007,5,Porcentaje sobre el total de personas en cada grupo etario,,9353
"Personas usuarias de Internet por grupo etario, países seleccionados América Latina y el Caribe, 2000 a 2022",El Salvador,26 a 50 años de edad,2009,9,Porcentaje sobre el total de personas en cada grupo etario,,9353
"Personas usuarias de Internet por grupo etario, países seleccionados América Latina y el Caribe, 2000 a 2022",El Salvador,26 a 50 años de edad,2010,13,Porcentaje sobre el total de personas en cada grupo etario,,9353
"Personas usuarias de Internet por grupo etario, países seleccionados América Latina y el Caribe, 2000 a 2022",El Salvador,26 a 50 años de edad,2012,16,Porcentaje sobre el total de personas en cada grupo etario,,9353
"Personas usuarias de Internet por grupo etario, países seleccionados América Latina y el Caribe, 2000 a 2022",El Salvador,26 a 50 años de edad,2013,19,Porcentaje sobre el total de personas en cada grupo etario,,9353
"Personas usuarias de Internet por grupo etario, países seleccionados América Latina y el Caribe, 2000 a 2022",El Salvador,26 a 50 años de edad,2014,21,Porcentaje sobre el total de personas en cada grupo etario,,9353
"Personas usuarias de Internet por grupo etario, países seleccionados América Latina y el Caribe, 2000 a 2022",El Salvador,26 a 50 años de edad,2015,23,Porcentaje sobre el total de personas en cada grupo etario,,9353
"Personas usuarias de Internet por grupo etario, países seleccionados América Latina y el Caribe, 2000 a 2022",El Salvador,26 a 50 años de edad,2016,26,Porcentaje sobre el total de personas en cada grupo etario,,9353
"Personas usuarias de Internet por grupo etario, países seleccionados América Latina y el Caribe, 2000 a 2022",El Salvador,26 a 50 años de edad,2017,34,Porcentaje sobre el total de personas en cada grupo etario,,9353
"Personas usuarias de Internet por grupo etario, países seleccionados América Latina y el Caribe, 2000 a 2022",El Salvador,26 a 50 años de edad,2018,44,Porcentaje sobre el total de personas en cada grupo etario,,9353
"Personas usuarias de Internet por grupo etario, países seleccionados América Latina y el Caribe, 2000 a 2022",El Salvador,26 a 50 años de edad,2019,56,Porcentaje sobre el total de personas en cada grupo etario,,9353
"Personas usuarias de Internet por grupo etario, países seleccionados América Latina y el Caribe, 2000 a 2022",El Salvador,51 a 65 años,2006,2,Porcentaje sobre el total de personas en cada grupo etario,,9353
"Personas usuarias de Internet por grupo etario, países seleccionados América Latina y el Caribe, 2000 a 2022",El Salvador,51 a 65 años,2007,2,Porcentaje sobre el total de personas en cada grupo etario,,9353
"Personas usuarias de Internet por grupo etario, países seleccionados América Latina y el Caribe, 2000 a 2022",El Salvador,51 a 65 años,2009,5,Porcentaje sobre el total de personas en cada grupo etario,,9353
"Personas usuarias de Internet por grupo etario, países seleccionados América Latina y el Caribe, 2000 a 2022",El Salvador,51 a 65 años,2010,6,Porcentaje sobre el total de personas en cada grupo etario,,9353
"Personas usuarias de Internet por grupo etario, países seleccionados América Latina y el Caribe, 2000 a 2022",El Salvador,51 a 65 años,2012,8,Porcentaje sobre el total de personas en cada grupo etario,,9353
"Personas usuarias de Internet por grupo etario, países seleccionados América Latina y el Caribe, 2000 a 2022",El Salvador,51 a 65 años,2013,9,Porcentaje sobre el total de personas en cada grupo etario,,9353
"Personas usuarias de Internet por grupo etario, países seleccionados América Latina y el Caribe, 2000 a 2022",El Salvador,51 a 65 años,2014,9,Porcentaje sobre el total de personas en cada grupo etario,,9353
"Personas usuarias de Internet por grupo etario, países seleccionados América Latina y el Caribe, 2000 a 2022",El Salvador,51 a 65 años,2015,11,Porcentaje sobre el total de personas en cada grupo etario,,9353
"Personas usuarias de Internet por grupo etario, países seleccionados América Latina y el Caribe, 2000 a 2022",El Salvador,51 a 65 años,2016,12,Porcentaje sobre el total de personas en cada grupo etario,,9353
"Personas usuarias de Internet por grupo etario, países seleccionados América Latina y el Caribe, 2000 a 2022",El Salvador,51 a 65 años,2017,15,Porcentaje sobre el total de personas en cada grupo etario,,9353
"Personas usuarias de Internet por grupo etario, países seleccionados América Latina y el Caribe, 2000 a 2022",El Salvador,51 a 65 años,2018,22,Porcentaje sobre el total de personas en cada grupo etario,,9353
"Personas usuarias de Internet por grupo etario, países seleccionados América Latina y el Caribe, 2000 a 2022",El Salvador,51 a 65 años,2019,31,Porcentaje sobre el total de personas en cada grupo etario,,9353
"Personas usuarias de Internet por grupo etario, países seleccionados América Latina y el Caribe, 2000 a 2022",El Salvador,66 años en adelante,2006,1,Porcentaje sobre el total de personas en cada grupo etario,,9353
"Personas usuarias de Internet por grupo etario, países seleccionados América Latina y el Caribe, 2000 a 2022",El Salvador,66 años en adelante,2007,0,Porcentaje sobre el total de personas en cada grupo etario,,9353
"Personas usuarias de Internet por grupo etario, países seleccionados América Latina y el Caribe, 2000 a 2022",El Salvador,66 años en adelante,2009,1,Porcentaje sobre el total de personas en cada grupo etario,,9353
"Personas usuarias de Internet por grupo etario, países seleccionados América Latina y el Caribe, 2000 a 2022",El Salvador,66 años en adelante,2010,2,Porcentaje sobre el total de personas en cada grupo etario,,9353
"Personas usuarias de Internet por grupo etario, países seleccionados América Latina y el Caribe, 2000 a 2022",El Salvador,66 años en adelante,2012,2,Porcentaje sobre el total de personas en cada grupo etario,,9353
"Personas usuarias de Internet por grupo etario, países seleccionados América Latina y el Caribe, 2000 a 2022",El Salvador,66 años en adelante,2013,3,Porcentaje sobre el total de personas en cada grupo etario,,9353
"Personas usuarias de Internet por grupo etario, países seleccionados América Latina y el Caribe, 2000 a 2022",El Salvador,66 años en adelante,2014,4,Porcentaje sobre el total de personas en cada grupo etario,,9353
"Personas usuarias de Internet por grupo etario, países seleccionados América Latina y el Caribe, 2000 a 2022",El Salvador,66 años en adelante,2015,5,Porcentaje sobre el total de personas en cada grupo etario,,9353
"Personas usuarias de Internet por grupo etario, países seleccionados América Latina y el Caribe, 2000 a 2022",El Salvador,66 años en adelante,2016,3,Porcentaje sobre el total de personas en cada grupo etario,,9353
"Personas usuarias de Internet por grupo etario, países seleccionados América Latina y el Caribe, 2000 a 2022",El Salvador,66 años en adelante,2017,4,Porcentaje sobre el total de personas en cada grupo etario,,9353
"Personas usuarias de Internet por grupo etario, países seleccionados América Latina y el Caribe, 2000 a 2022",El Salvador,66 años en adelante,2018,8,Porcentaje sobre el total de personas en cada grupo etario,,9353
"Personas usuarias de Internet por grupo etario, países seleccionados América Latina y el Caribe, 2000 a 2022",El Salvador,66 años en adelante,2019,13,Porcentaje sobre el total de personas en cada grupo etario,,9353
"Personas usuarias de Internet por grupo etario, países seleccionados América Latina y el Caribe, 2000 a 2022",El Salvador,Total,2006,5,Porcentaje sobre el total de personas en cada grupo etario,,9353
"Personas usuarias de Internet por grupo etario, países seleccionados América Latina y el Caribe, 2000 a 2022",El Salvador,Total,2007,7,Porcentaje sobre el total de personas en cada grupo etario,,9353
"Personas usuarias de Internet por grupo etario, países seleccionados América Latina y el Caribe, 2000 a 2022",El Salvador,Total,2009,12,Porcentaje sobre el total de personas en cada grupo etario,,9353
"Personas usuarias de Internet por grupo etario, países seleccionados América Latina y el Caribe, 2000 a 2022",El Salvador,Total,2010,16,Porcentaje sobre el total de personas en cada grupo etario,,9353
"Personas usuarias de Internet por grupo etario, países seleccionados América Latina y el Caribe, 2000 a 2022",El Salvador,Total,2012,21,Porcentaje sobre el total de personas en cada grupo etario,,9353
"Personas usuarias de Internet por grupo etario, países seleccionados América Latina y el Caribe, 2000 a 2022",El Salvador,Total,2013,23,Porcentaje sobre el total de personas en cada grupo etario,,9353
"Personas usuarias de Internet por grupo etario, países seleccionados América Latina y el Caribe, 2000 a 2022",El Salvador,Total,2014,25,Porcentaje sobre el total de personas en cada grupo etario,,9353
"Personas usuarias de Internet por grupo etario, países seleccionados América Latina y el Caribe, 2000 a 2022",El Salvador,Total,2015,27,Porcentaje sobre el total de personas en cada grupo etario,,9353
"Personas usuarias de Internet por grupo etario, países seleccionados América Latina y el Caribe, 2000 a 2022",El Salvador,Total,2016,28,Porcentaje sobre el total de personas en cada grupo etario,,9353
"Personas usuarias de Internet por grupo etario, países seleccionados América Latina y el Caribe, 2000 a 2022",El Salvador,Total,2017,34,Porcentaje sobre el total de personas en cada grupo etario,,9353
"Personas usuarias de Internet por grupo etario, países seleccionados América Latina y el Caribe, 2000 a 2022",El Salvador,Total,2018,41,Porcentaje sobre el total de personas en cada grupo etario,,9353
"Personas usuarias de Internet por grupo etario, países seleccionados América Latina y el Caribe, 2000 a 2022",El Salvador,Total,2019,51,Porcentaje sobre el total de personas en cada grupo etario,,9353
"Personas usuarias de Internet por grupo etario, países seleccionados América Latina y el Caribe, 2000 a 2022",Honduras,edad de medicion a 17 años,2004,4,Porcentaje sobre el total de personas en cada grupo etario,,9353
"Personas usuarias de Internet por grupo etario, países seleccionados América Latina y el Caribe, 2000 a 2022",Honduras,edad de medicion a 17 años,2005,5,Porcentaje sobre el total de personas en cada grupo etario,,9353
"Personas usuarias de Internet por grupo etario, países seleccionados América Latina y el Caribe, 2000 a 2022",Honduras,edad de medicion a 17 años,2009,8,Porcentaje sobre el total de personas en cada grupo etario,,9353
"Personas usuarias de Internet por grupo etario, países seleccionados América Latina y el Caribe, 2000 a 2022",Honduras,edad de medicion a 17 años,2010,10,Porcentaje sobre el total de personas en cada grupo etario,,9353
"Personas usuarias de Internet por grupo etario, países seleccionados América Latina y el Caribe, 2000 a 2022",Honduras,edad de medicion a 17 años,2011,14,Porcentaje sobre el total de personas en cada grupo etario,,9353
"Personas usuarias de Internet por grupo etario, países seleccionados América Latina y el Caribe, 2000 a 2022",Honduras,edad de medicion a 17 años,2012,15,Porcentaje sobre el total de personas en cada grupo etario,,9353
"Personas usuarias de Internet por grupo etario, países seleccionados América Latina y el Caribe, 2000 a 2022",Honduras,edad de medicion a 17 años,2013,16,Porcentaje sobre el total de personas en cada grupo etario,,9353
"Personas usuarias de Internet por grupo etario, países seleccionados América Latina y el Caribe, 2000 a 2022",Honduras,edad de medicion a 17 años,2014,22,Porcentaje sobre el total de personas en cada grupo etario,,9353
"Personas usuarias de Internet por grupo etario, países seleccionados América Latina y el Caribe, 2000 a 2022",Honduras,edad de medicion a 17 años,2015,25,Porcentaje sobre el total de personas en cada grupo etario,,9353
"Personas usuarias de Internet por grupo etario, países seleccionados América Latina y el Caribe, 2000 a 2022",Honduras,edad de medicion a 17 años,2016,24,Porcentaje sobre el total de personas en cada grupo etario,,9353
"Personas usuarias de Internet por grupo etario, países seleccionados América Latina y el Caribe, 2000 a 2022",Honduras,edad de medicion a 17 años,2018,28,Porcentaje sobre el total de personas en cada grupo etario,,9353
"Personas usuarias de Internet por grupo etario, países seleccionados América Latina y el Caribe, 2000 a 2022",Honduras,edad de medicion a 17 años,2019,27,Porcentaje sobre el total de personas en cada grupo etario,,9353
"Personas usuarias de Internet por grupo etario, países seleccionados América Latina y el Caribe, 2000 a 2022",Honduras,18 a 25 años de edad,2004,11,Porcentaje sobre el total de personas en cada grupo etario,,9353
"Personas usuarias de Internet por grupo etario, países seleccionados América Latina y el Caribe, 2000 a 2022",Honduras,18 a 25 años de edad,2005,12,Porcentaje sobre el total de personas en cada grupo etario,,9353
"Personas usuarias de Internet por grupo etario, países seleccionados América Latina y el Caribe, 2000 a 2022",Honduras,18 a 25 años de edad,2009,19,Porcentaje sobre el total de personas en cada grupo etario,,9353
"Personas usuarias de Internet por grupo etario, países seleccionados América Latina y el Caribe, 2000 a 2022",Honduras,18 a 25 años de edad,2010,23,Porcentaje sobre el total de personas en cada grupo etario,,9353
"Personas usuarias de Internet por grupo etario, países seleccionados América Latina y el Caribe, 2000 a 2022",Honduras,18 a 25 años de edad,2011,28,Porcentaje sobre el total de personas en cada grupo etario,,9353
"Personas usuarias de Internet por grupo etario, países seleccionados América Latina y el Caribe, 2000 a 2022",Honduras,18 a 25 años de edad,2012,29,Porcentaje sobre el total de personas en cada grupo etario,,9353
"Personas usuarias de Internet por grupo etario, países seleccionados América Latina y el Caribe, 2000 a 2022",Honduras,18 a 25 años de edad,2013,35,Porcentaje sobre el total de personas en cada grupo etario,,9353
"Personas usuarias de Internet por grupo etario, países seleccionados América Latina y el Caribe, 2000 a 2022",Honduras,18 a 25 años de edad,2014,38,Porcentaje sobre el total de personas en cada grupo etario,,9353
"Personas usuarias de Internet por grupo etario, países seleccionados América Latina y el Caribe, 2000 a 2022",Honduras,18 a 25 años de edad,2015,47,Porcentaje sobre el total de personas en cada grupo etario,,9353
"Personas usuarias de Internet por grupo etario, países seleccionados América Latina y el Caribe, 2000 a 2022",Honduras,18 a 25 años de edad,2016,51,Porcentaje sobre el total de personas en cada grupo etario,,9353
"Personas usuarias de Internet por grupo etario, países seleccionados América Latina y el Caribe, 2000 a 2022",Honduras,18 a 25 años de edad,2018,60,Porcentaje sobre el total de personas en cada grupo etario,,9353
"Personas usuarias de Internet por grupo etario, países seleccionados América Latina y el Caribe, 2000 a 2022",Honduras,18 a 25 años de edad,2019,62,Porcentaje sobre el total de personas en cada grupo etario,,9353
"Personas usuarias de Internet por grupo etario, países seleccionados América Latina y el Caribe, 2000 a 2022",Honduras,26 a 50 años de edad,2004,6,Porcentaje sobre el total de personas en cada grupo etario,,9353
"Personas usuarias de Internet por grupo etario, países seleccionados América Latina y el Caribe, 2000 a 2022",Honduras,26 a 50 años de edad,2005,7,Porcentaje sobre el total de personas en cada grupo etario,,9353
"Personas usuarias de Internet por grupo etario, países seleccionados América Latina y el Caribe, 2000 a 2022",Honduras,26 a 50 años de edad,2009,10,Porcentaje sobre el total de personas en cada grupo etario,,9353
"Personas usuarias de Internet por grupo etario, países seleccionados América Latina y el Caribe, 2000 a 2022",Honduras,26 a 50 años de edad,2010,12,Porcentaje sobre el total de personas en cada grupo etario,,9353
"Personas usuarias de Internet por grupo etario, países seleccionados América Latina y el Caribe, 2000 a 2022",Honduras,26 a 50 años de edad,2011,15,Porcentaje sobre el total de personas en cada grupo etario,,9353
"Personas usuarias de Internet por grupo etario, países seleccionados América Latina y el Caribe, 2000 a 2022",Honduras,26 a 50 años de edad,2012,14,Porcentaje sobre el total de personas en cada grupo etario,,9353
"Personas usuarias de Internet por grupo etario, países seleccionados América Latina y el Caribe, 2000 a 2022",Honduras,26 a 50 años de edad,2013,18,Porcentaje sobre el total de personas en cada grupo etario,,9353
"Personas usuarias de Internet por grupo etario, países seleccionados América Latina y el Caribe, 2000 a 2022",Honduras,26 a 50 años de edad,2014,24,Porcentaje sobre el total de personas en cada grupo etario,,9353
"Personas usuarias de Internet por grupo etario, países seleccionados América Latina y el Caribe, 2000 a 2022",Honduras,26 a 50 años de edad,2015,29,Porcentaje sobre el total de personas en cada grupo etario,,9353
"Personas usuarias de Internet por grupo etario, países seleccionados América Latina y el Caribe, 2000 a 2022",Honduras,26 a 50 años de edad,2016,33,Porcentaje sobre el total de personas en cada grupo etario,,9353
"Personas usuarias de Internet por grupo etario, países seleccionados América Latina y el Caribe, 2000 a 2022",Honduras,26 a 50 años de edad,2018,43,Porcentaje sobre el total de personas en cada grupo etario,,9353
"Personas usuarias de Internet por grupo etario, países seleccionados América Latina y el Caribe, 2000 a 2022",Honduras,26 a 50 años de edad,2019,51,Porcentaje sobre el total de personas en cada grupo etario,,9353
"Personas usuarias de Internet por grupo etario, países seleccionados América Latina y el Caribe, 2000 a 2022",Honduras,51 a 65 años,2004,3,Porcentaje sobre el total de personas en cada grupo etario,,9353
"Personas usuarias de Internet por grupo etario, países seleccionados América Latina y el Caribe, 2000 a 2022",Honduras,51 a 65 años,2005,3,Porcentaje sobre el total de personas en cada grupo etario,,9353
"Personas usuarias de Internet por grupo etario, países seleccionados América Latina y el Caribe, 2000 a 2022",Honduras,51 a 65 años,2009,4,Porcentaje sobre el total de personas en cada grupo etario,,9353
"Personas usuarias de Internet por grupo etario, países seleccionados América Latina y el Caribe, 2000 a 2022",Honduras,51 a 65 años,2010,5,Porcentaje sobre el total de personas en cada grupo etario,,9353
"Personas usuarias de Internet por grupo etario, países seleccionados América Latina y el Caribe, 2000 a 2022",Honduras,51 a 65 años,2011,7,Porcentaje sobre el total de personas en cada grupo etario,,9353
"Personas usuarias de Internet por grupo etario, países seleccionados América Latina y el Caribe, 2000 a 2022",Honduras,51 a 65 años,2012,6,Porcentaje sobre el total de personas en cada grupo etario,,9353
"Personas usuarias de Internet por grupo etario, países seleccionados América Latina y el Caribe, 2000 a 2022",Honduras,51 a 65 años,2013,7,Porcentaje sobre el total de personas en cada grupo etario,,9353
"Personas usuarias de Internet por grupo etario, países seleccionados América Latina y el Caribe, 2000 a 2022",Honduras,51 a 65 años,2014,10,Porcentaje sobre el total de personas en cada grupo etario,,9353
"Personas usuarias de Internet por grupo etario, países seleccionados América Latina y el Caribe, 2000 a 2022",Honduras,51 a 65 años,2015,11,Porcentaje sobre el total de personas en cada grupo etario,,9353
"Personas usuarias de Internet por grupo etario, países seleccionados América Latina y el Caribe, 2000 a 2022",Honduras,51 a 65 años,2016,14,Porcentaje sobre el total de personas en cada grupo etario,,9353
"Personas usuarias de Internet por grupo etario, países seleccionados América Latina y el Caribe, 2000 a 2022",Honduras,51 a 65 años,2018,25,Porcentaje sobre el total de personas en cada grupo etario,,9353
"Personas usuarias de Internet por grupo etario, países seleccionados América Latina y el Caribe, 2000 a 2022",Honduras,51 a 65 años,2019,30,Porcentaje sobre el total de personas en cada grupo etario,,9353
"Personas usuarias de Internet por grupo etario, países seleccionados América Latina y el Caribe, 2000 a 2022",Honduras,66 años en adelante,2004,1,Porcentaje sobre el total de personas en cada grupo etario,,9353
"Personas usuarias de Internet por grupo etario, países seleccionados América Latina y el Caribe, 2000 a 2022",Honduras,66 años en adelante,2005,1,Porcentaje sobre el total de personas en cada grupo etario,,9353
"Personas usuarias de Internet por grupo etario, países seleccionados América Latina y el Caribe, 2000 a 2022",Honduras,66 años en adelante,2009,1,Porcentaje sobre el total de personas en cada grupo etario,,9353
"Personas usuarias de Internet por grupo etario, países seleccionados América Latina y el Caribe, 2000 a 2022",Honduras,66 años en adelante,2010,1,Porcentaje sobre el total de personas en cada grupo etario,,9353
"Personas usuarias de Internet por grupo etario, países seleccionados América Latina y el Caribe, 2000 a 2022",Honduras,66 años en adelante,2011,2,Porcentaje sobre el total de personas en cada grupo etario,,9353
"Personas usuarias de Internet por grupo etario, países seleccionados América Latina y el Caribe, 2000 a 2022",Honduras,66 años en adelante,2012,2,Porcentaje sobre el total de personas en cada grupo etario,,9353
"Personas usuarias de Internet por grupo etario, países seleccionados América Latina y el Caribe, 2000 a 2022",Honduras,66 años en adelante,2013,1,Porcentaje sobre el total de personas en cada grupo etario,,9353
"Personas usuarias de Internet por grupo etario, países seleccionados América Latina y el Caribe, 2000 a 2022",Honduras,66 años en adelante,2014,3,Porcentaje sobre el total de personas en cada grupo etario,,9353
"Personas usuarias de Internet por grupo etario, países seleccionados América Latina y el Caribe, 2000 a 2022",Honduras,66 años en adelante,2015,4,Porcentaje sobre el total de personas en cada grupo etario,,9353
"Personas usuarias de Internet por grupo etario, países seleccionados América Latina y el Caribe, 2000 a 2022",Honduras,66 años en adelante,2016,4,Porcentaje sobre el total de personas en cada grupo etario,,9353
"Personas usuarias de Internet por grupo etario, países seleccionados América Latina y el Caribe, 2000 a 2022",Honduras,66 años en adelante,2018,8,Porcentaje sobre el total de personas en cada grupo etario,,9353
"Personas usuarias de Internet por grupo etario, países seleccionados América Latina y el Caribe, 2000 a 2022",Honduras,66 años en adelante,2019,12,Porcentaje sobre el total de personas en cada grupo etario,,9353
"Personas usuarias de Internet por grupo etario, países seleccionados América Latina y el Caribe, 2000 a 2022",Honduras,Total,2004,6,Porcentaje sobre el total de personas en cada grupo etario,,9353
"Personas usuarias de Internet por grupo etario, países seleccionados América Latina y el Caribe, 2000 a 2022",Honduras,Total,2005,7,Porcentaje sobre el total de personas en cada grupo etario,,9353
"Personas usuarias de Internet por grupo etario, países seleccionados América Latina y el Caribe, 2000 a 2022",Honduras,Total,2009,10,Porcentaje sobre el total de personas en cada grupo etario,,9353
"Personas usuarias de Internet por grupo etario, países seleccionados América Latina y el Caribe, 2000 a 2022",Honduras,Total,2010,12,Porcentaje sobre el total de personas en cada grupo etario,,9353
"Personas usuarias de Internet por grupo etario, países seleccionados América Latina y el Caribe, 2000 a 2022",Honduras,Total,2011,15,Porcentaje sobre el total de personas en cada grupo etario,,9353
"Personas usuarias de Internet por grupo etario, países seleccionados América Latina y el Caribe, 2000 a 2022",Honduras,Total,2012,15,Porcentaje sobre el total de personas en cada grupo etario,,9353
"Personas usuarias de Internet por grupo etario, países seleccionados América Latina y el Caribe, 2000 a 2022",Honduras,Total,2013,18,Porcentaje sobre el total de personas en cada grupo etario,,9353
"Personas usuarias de Internet por grupo etario, países seleccionados América Latina y el Caribe, 2000 a 2022",Honduras,Total,2014,23,Porcentaje sobre el total de personas en cada grupo etario,,9353
"Personas usuarias de Internet por grupo etario, países seleccionados América Latina y el Caribe, 2000 a 2022",Honduras,Total,2015,27,Porcentaje sobre el total de personas en cada grupo etario,,9353
"Personas usuarias de Internet por grupo etario, países seleccionados América Latina y el Caribe, 2000 a 2022",Honduras,Total,2016,30,Porcentaje sobre el total de personas en cada grupo etario,,9353
"Personas usuarias de Internet por grupo etario, países seleccionados América Latina y el Caribe, 2000 a 2022",Honduras,Total,2018,37,Porcentaje sobre el total de personas en cada grupo etario,,9353
"Personas usuarias de Internet por grupo etario, países seleccionados América Latina y el Caribe, 2000 a 2022",Honduras,Total,2019,40,Porcentaje sobre el total de personas en cada grupo etario,,9353
"Personas usuarias de Internet por grupo etario, países seleccionados América Latina y el Caribe, 2000 a 2022",México,edad de medicion a 17 años,2015,59,Porcentaje sobre el total de personas en cada grupo etario,,9353
"Personas usuarias de Internet por grupo etario, países seleccionados América Latina y el Caribe, 2000 a 2022",México,edad de medicion a 17 años,2016,59,Porcentaje sobre el total de personas en cada grupo etario,,9353
"Personas usuarias de Internet por grupo etario, países seleccionados América Latina y el Caribe, 2000 a 2022",México,edad de medicion a 17 años,2017,64,Porcentaje sobre el total de personas en cada grupo etario,,9353
"Personas usuarias de Internet por grupo etario, países seleccionados América Latina y el Caribe, 2000 a 2022",México,edad de medicion a 17 años,2018,64,Porcentaje sobre el total de personas en cada grupo etario,,9353
"Personas usuarias de Internet por grupo etario, países seleccionados América Latina y el Caribe, 2000 a 2022",México,edad de medicion a 17 años,2019,70,Porcentaje sobre el total de personas en cada grupo etario,,9353
"Personas usuarias de Internet por grupo etario, países seleccionados América Latina y el Caribe, 2000 a 2022",México,edad de medicion a 17 años,2020,73,Porcentaje sobre el total de personas en cada grupo etario,,9353
"Personas usuarias de Internet por grupo etario, países seleccionados América Latina y el Caribe, 2000 a 2022",México,edad de medicion a 17 años,2021,77,Porcentaje sobre el total de personas en cada grupo etario,,9353
"Personas usuarias de Internet por grupo etario, países seleccionados América Latina y el Caribe, 2000 a 2022",México,edad de medicion a 17 años,2022,79,Porcentaje sobre el total de personas en cada grupo etario,,9353
"Personas usuarias de Internet por grupo etario, países seleccionados América Latina y el Caribe, 2000 a 2022",México,18 a 25 años de edad,2015,66,Porcentaje sobre el total de personas en cada grupo etario,,9353
"Personas usuarias de Internet por grupo etario, países seleccionados América Latina y el Caribe, 2000 a 2022",México,18 a 25 años de edad,2016,65,Porcentaje sobre el total de personas en cada grupo etario,,9353
"Personas usuarias de Internet por grupo etario, países seleccionados América Latina y el Caribe, 2000 a 2022",México,18 a 25 años de edad,2017,71,Porcentaje sobre el total de personas en cada grupo etario,,9353
"Personas usuarias de Internet por grupo etario, países seleccionados América Latina y el Caribe, 2000 a 2022",México,18 a 25 años de edad,2018,71,Porcentaje sobre el total de personas en cada grupo etario,,9353
"Personas usuarias de Internet por grupo etario, países seleccionados América Latina y el Caribe, 2000 a 2022",México,18 a 25 años de edad,2019,76,Porcentaje sobre el total de personas en cada grupo etario,,9353
"Personas usuarias de Internet por grupo etario, países seleccionados América Latina y el Caribe, 2000 a 2022",México,18 a 25 años de edad,2020,77,Porcentaje sobre el total de personas en cada grupo etario,,9353
"Personas usuarias de Internet por grupo etario, países seleccionados América Latina y el Caribe, 2000 a 2022",México,18 a 25 años de edad,2021,81,Porcentaje sobre el total de personas en cada grupo etario,,9353
"Personas usuarias de Internet por grupo etario, países seleccionados América Latina y el Caribe, 2000 a 2022",México,18 a 25 años de edad,2022,84,Porcentaje sobre el total de personas en cada grupo etario,,9353
"Personas usuarias de Internet por grupo etario, países seleccionados América Latina y el Caribe, 2000 a 2022",México,26 a 50 años de edad,2015,62,Porcentaje sobre el total de personas en cada grupo etario,,9353
"Personas usuarias de Internet por grupo etario, países seleccionados América Latina y el Caribe, 2000 a 2022",México,26 a 50 años de edad,2016,63,Porcentaje sobre el total de personas en cada grupo etario,,9353
"Personas usuarias de Internet por grupo etario, países seleccionados América Latina y el Caribe, 2000 a 2022",México,26 a 50 años de edad,2017,68,Porcentaje sobre el total de personas en cada grupo etario,,9353
"Personas usuarias de Internet por grupo etario, países seleccionados América Latina y el Caribe, 2000 a 2022",México,26 a 50 años de edad,2018,68,Porcentaje sobre el total de personas en cada grupo etario,,9353
"Personas usuarias de Internet por grupo etario, países seleccionados América Latina y el Caribe, 2000 a 2022",México,26 a 50 años de edad,2019,74,Porcentaje sobre el total de personas en cada grupo etario,,9353
"Personas usuarias de Internet por grupo etario, países seleccionados América Latina y el Caribe, 2000 a 2022",México,26 a 50 años de edad,2020,76,Porcentaje sobre el total de personas en cada grupo etario,,9353
"Personas usuarias de Internet por grupo etario, países seleccionados América Latina y el Caribe, 2000 a 2022",México,26 a 50 años de edad,2021,79,Porcentaje sobre el total de personas en cada grupo etario,,9353
"Personas usuarias de Internet por grupo etario, países seleccionados América Latina y el Caribe, 2000 a 2022",México,26 a 50 años de edad,2022,82,Porcentaje sobre el total de personas en cada grupo etario,,9353
"Personas usuarias de Internet por grupo etario, países seleccionados América Latina y el Caribe, 2000 a 2022",México,51 a 65 años,2015,47,Porcentaje sobre el total de personas en cada grupo etario,,9353
"Personas usuarias de Internet por grupo etario, países seleccionados América Latina y el Caribe, 2000 a 2022",México,51 a 65 años,2016,54,Porcentaje sobre el total de personas en cada grupo etario,,9353
"Personas usuarias de Internet por grupo etario, países seleccionados América Latina y el Caribe, 2000 a 2022",México,51 a 65 años,2017,58,Porcentaje sobre el total de personas en cada grupo etario,,9353
"Personas usuarias de Internet por grupo etario, países seleccionados América Latina y el Caribe, 2000 a 2022",México,51 a 65 años,2018,58,Porcentaje sobre el total de personas en cada grupo etario,,9353
"Personas usuarias de Internet por grupo etario, países seleccionados América Latina y el Caribe, 2000 a 2022",México,51 a 65 años,2019,67,Porcentaje sobre el total de personas en cada grupo etario,,9353
"Personas usuarias de Internet por grupo etario, países seleccionados América Latina y el Caribe, 2000 a 2022",México,51 a 65 años,2020,68,Porcentaje sobre el total de personas en cada grupo etario,,9353
"Personas usuarias de Internet por grupo etario, países seleccionados América Latina y el Caribe, 2000 a 2022",México,51 a 65 años,2021,72,Porcentaje sobre el total de personas en cada grupo etario,,9353
"Personas usuarias de Internet por grupo etario, países seleccionados América Latina y el Caribe, 2000 a 2022",México,51 a 65 años,2022,75,Porcentaje sobre el total de personas en cada grupo etario,,9353
"Personas usuarias de Internet por grupo etario, países seleccionados América Latina y el Caribe, 2000 a 2022",México,66 años en adelante,2015,29,Porcentaje sobre el total de personas en cada grupo etario,,9353
"Personas usuarias de Internet por grupo etario, países seleccionados América Latina y el Caribe, 2000 a 2022",México,66 años en adelante,2016,39,Porcentaje sobre el total de personas en cada grupo etario,,9353
"Personas usuarias de Internet por grupo etario, países seleccionados América Latina y el Caribe, 2000 a 2022",México,66 años en adelante,2017,41,Porcentaje sobre el total de personas en cada grupo etario,,9353
"Personas usuarias de Internet por grupo etario, países seleccionados América Latina y el Caribe, 2000 a 2022",México,66 años en adelante,2018,41,Porcentaje sobre el total de personas en cada grupo etario,,9353
"Personas usuarias de Internet por grupo etario, países seleccionados América Latina y el Caribe, 2000 a 2022",México,66 años en adelante,2019,48,Porcentaje sobre el total de personas en cada grupo etario,,9353
"Personas usuarias de Internet por grupo etario, países seleccionados América Latina y el Caribe, 2000 a 2022",México,66 años en adelante,2020,52,Porcentaje sobre el total de personas en cada grupo etario,,9353
"Personas usuarias de Internet por grupo etario, países seleccionados América Latina y el Caribe, 2000 a 2022",México,66 años en adelante,2021,55,Porcentaje sobre el total de personas en cada grupo etario,,9353
"Personas usuarias de Internet por grupo etario, países seleccionados América Latina y el Caribe, 2000 a 2022",México,66 años en adelante,2022,57,Porcentaje sobre el total de personas en cada grupo etario,,9353
"Personas usuarias de Internet por grupo etario, países seleccionados América Latina y el Caribe, 2000 a 2022",México,Total,2015,57,Porcentaje sobre el total de personas en cada grupo etario,,9353
"Personas usuarias de Internet por grupo etario, países seleccionados América Latina y el Caribe, 2000 a 2022",México,Total,2016,60,Porcentaje sobre el total de personas en cada grupo etario,,9353
"Personas usuarias de Internet por grupo etario, países seleccionados América Latina y el Caribe, 2000 a 2022",México,Total,2017,64,Porcentaje sobre el total de personas en cada grupo etario,,9353
"Personas usuarias de Internet por grupo etario, países seleccionados América Latina y el Caribe, 2000 a 2022",México,Total,2018,64,Porcentaje sobre el total de personas en cada grupo etario,,9353
"Personas usuarias de Internet por grupo etario, países seleccionados América Latina y el Caribe, 2000 a 2022",México,Total,2019,70,Porcentaje sobre el total de personas en cada grupo etario,,9353
"Personas usuarias de Internet por grupo etario, países seleccionados América Latina y el Caribe, 2000 a 2022",México,Total,2020,73,Porcentaje sobre el total de personas en cada grupo etario,,9353
"Personas usuarias de Internet por grupo etario, países seleccionados América Latina y el Caribe, 2000 a 2022",México,Total,2021,76,Porcentaje sobre el total de personas en cada grupo etario,,9353
"Personas usuarias de Internet por grupo etario, países seleccionados América Latina y el Caribe, 2000 a 2022",México,Total,2022,79,Porcentaje sobre el total de personas en cada grupo etario,,9353
"Personas usuarias de Internet por grupo etario, países seleccionados América Latina y el Caribe, 2000 a 2022",Panamá,edad de medicion a 17 años,2014,64,Porcentaje sobre el total de personas en cada grupo etario,,9353
"Personas usuarias de Internet por grupo etario, países seleccionados América Latina y el Caribe, 2000 a 2022",Panamá,edad de medicion a 17 años,2015,71,Porcentaje sobre el total de personas en cada grupo etario,,9353
"Personas usuarias de Internet por grupo etario, países seleccionados América Latina y el Caribe, 2000 a 2022",Panamá,edad de medicion a 17 años,2016,69,Porcentaje sobre el total de personas en cada grupo etario,,9353
"Personas usuarias de Internet por grupo etario, países seleccionados América Latina y el Caribe, 2000 a 2022",Panamá,edad de medicion a 17 años,2017,72,Porcentaje sobre el total de personas en cada grupo etario,,9353
"Personas usuarias de Internet por grupo etario, países seleccionados América Latina y el Caribe, 2000 a 2022",Panamá,edad de medicion a 17 años,2018,70,Porcentaje sobre el total de personas en cada grupo etario,,9353
"Personas usuarias de Internet por grupo etario, países seleccionados América Latina y el Caribe, 2000 a 2022",Panamá,edad de medicion a 17 años,2019,73,Porcentaje sobre el total de personas en cada grupo etario,,9353
"Personas usuarias de Internet por grupo etario, países seleccionados América Latina y el Caribe, 2000 a 2022",Panamá,edad de medicion a 17 años,2022,81,Porcentaje sobre el total de personas en cada grupo etario,,9353
"Personas usuarias de Internet por grupo etario, países seleccionados América Latina y el Caribe, 2000 a 2022",Panamá,18 a 25 años de edad,2014,61,Porcentaje sobre el total de personas en cada grupo etario,,9353
"Personas usuarias de Internet por grupo etario, países seleccionados América Latina y el Caribe, 2000 a 2022",Panamá,18 a 25 años de edad,2015,69,Porcentaje sobre el total de personas en cada grupo etario,,9353
"Personas usuarias de Internet por grupo etario, países seleccionados América Latina y el Caribe, 2000 a 2022",Panamá,18 a 25 años de edad,2016,72,Porcentaje sobre el total de personas en cada grupo etario,,9353
"Personas usuarias de Internet por grupo etario, países seleccionados América Latina y el Caribe, 2000 a 2022",Panamá,18 a 25 años de edad,2017,79,Porcentaje sobre el total de personas en cada grupo etario,,9353
"Personas usuarias de Internet por grupo etario, países seleccionados América Latina y el Caribe, 2000 a 2022",Panamá,18 a 25 años de edad,2018,79,Porcentaje sobre el total de personas en cada grupo etario,,9353
"Personas usuarias de Internet por grupo etario, países seleccionados América Latina y el Caribe, 2000 a 2022",Panamá,18 a 25 años de edad,2019,80,Porcentaje sobre el total de personas en cada grupo etario,,9353
"Personas usuarias de Internet por grupo etario, países seleccionados América Latina y el Caribe, 2000 a 2022",Panamá,18 a 25 años de edad,2022,89,Porcentaje sobre el total de personas en cada grupo etario,,9353
"Personas usuarias de Internet por grupo etario, países seleccionados América Latina y el Caribe, 2000 a 2022",Panamá,26 a 50 años de edad,2014,46,Porcentaje sobre el total de personas en cada grupo etario,,9353
"Personas usuarias de Internet por grupo etario, países seleccionados América Latina y el Caribe, 2000 a 2022",Panamá,26 a 50 años de edad,2015,54,Porcentaje sobre el total de personas en cada grupo etario,,9353
"Personas usuarias de Internet por grupo etario, países seleccionados América Latina y el Caribe, 2000 a 2022",Panamá,26 a 50 años de edad,2016,59,Porcentaje sobre el total de personas en cada grupo etario,,9353
"Personas usuarias de Internet por grupo etario, países seleccionados América Latina y el Caribe, 2000 a 2022",Panamá,26 a 50 años de edad,2017,68,Porcentaje sobre el total de personas en cada grupo etario,,9353
"Personas usuarias de Internet por grupo etario, países seleccionados América Latina y el Caribe, 2000 a 2022",Panamá,26 a 50 años de edad,2018,70,Porcentaje sobre el total de personas en cada grupo etario,,9353
"Personas usuarias de Internet por grupo etario, países seleccionados América Latina y el Caribe, 2000 a 2022",Panamá,26 a 50 años de edad,2019,72,Porcentaje sobre el total de personas en cada grupo etario,,9353
"Personas usuarias de Internet por grupo etario, países seleccionados América Latina y el Caribe, 2000 a 2022",Panamá,26 a 50 años de edad,2022,84,Porcentaje sobre el total de personas en cada grupo etario,,9353
"Personas usuarias de Internet por grupo etario, países seleccionados América Latina y el Caribe, 2000 a 2022",Panamá,51 a 65 años,2014,27,Porcentaje sobre el total de personas en cada grupo etario,,9353
"Personas usuarias de Internet por grupo etario, países seleccionados América Latina y el Caribe, 2000 a 2022",Panamá,51 a 65 años,2015,31,Porcentaje sobre el total de personas en cada grupo etario,,9353
"Personas usuarias de Internet por grupo etario, países seleccionados América Latina y el Caribe, 2000 a 2022",Panamá,51 a 65 años,2016,36,Porcentaje sobre el total de personas en cada grupo etario,,9353
"Personas usuarias de Internet por grupo etario, países seleccionados América Latina y el Caribe, 2000 a 2022",Panamá,51 a 65 años,2017,41,Porcentaje sobre el total de personas en cada grupo etario,,9353
"Personas usuarias de Internet por grupo etario, países seleccionados América Latina y el Caribe, 2000 a 2022",Panamá,51 a 65 años,2018,49,Porcentaje sobre el total de personas en cada grupo etario,,9353
"Personas usuarias de Internet por grupo etario, países seleccionados América Latina y el Caribe, 2000 a 2022",Panamá,51 a 65 años,2019,51,Porcentaje sobre el total de personas en cada grupo etario,,9353
"Personas usuarias de Internet por grupo etario, países seleccionados América Latina y el Caribe, 2000 a 2022",Panamá,51 a 65 años,2022,73,Porcentaje sobre el total de personas en cada grupo etario,,9353
"Personas usuarias de Internet por grupo etario, países seleccionados América Latina y el Caribe, 2000 a 2022",Panamá,66 años en adelante,2014,8,Porcentaje sobre el total de personas en cada grupo etario,,9353
"Personas usuarias de Internet por grupo etario, países seleccionados América Latina y el Caribe, 2000 a 2022",Panamá,66 años en adelante,2015,10,Porcentaje sobre el total de personas en cada grupo etario,,9353
"Personas usuarias de Internet por grupo etario, países seleccionados América Latina y el Caribe, 2000 a 2022",Panamá,66 años en adelante,2016,11,Porcentaje sobre el total de personas en cada grupo etario,,9353
"Personas usuarias de Internet por grupo etario, países seleccionados América Latina y el Caribe, 2000 a 2022",Panamá,66 años en adelante,2017,14,Porcentaje sobre el total de personas en cada grupo etario,,9353
"Personas usuarias de Internet por grupo etario, países seleccionados América Latina y el Caribe, 2000 a 2022",Panamá,66 años en adelante,2018,18,Porcentaje sobre el total de personas en cada grupo etario,,9353
"Personas usuarias de Internet por grupo etario, países seleccionados América Latina y el Caribe, 2000 a 2022",Panamá,66 años en adelante,2019,20,Porcentaje sobre el total de personas en cada grupo etario,,9353
"Personas usuarias de Internet por grupo etario, países seleccionados América Latina y el Caribe, 2000 a 2022",Panamá,66 años en adelante,2022,39,Porcentaje sobre el total de personas en cada grupo etario,,9353
"Personas usuarias de Internet por grupo etario, países seleccionados América Latina y el Caribe, 2000 a 2022",Panamá,Total,2014,45,Porcentaje sobre el total de personas en cada grupo etario,,9353
"Personas usuarias de Internet por grupo etario, países seleccionados América Latina y el Caribe, 2000 a 2022",Panamá,Total,2015,51,Porcentaje sobre el total de personas en cada grupo etario,,9353
"Personas usuarias de Internet por grupo etario, países seleccionados América Latina y el Caribe, 2000 a 2022",Panamá,Total,2016,54,Porcentaje sobre el total de personas en cada grupo etario,,9353
"Personas usuarias de Internet por grupo etario, países seleccionados América Latina y el Caribe, 2000 a 2022",Panamá,Total,2017,60,Porcentaje sobre el total de personas en cada grupo etario,,9353
"Personas usuarias de Internet por grupo etario, países seleccionados América Latina y el Caribe, 2000 a 2022",Panamá,Total,2018,62,Porcentaje sobre el total de personas en cada grupo etario,,9353
"Personas usuarias de Internet por grupo etario, países seleccionados América Latina y el Caribe, 2000 a 2022",Panamá,Total,2019,64,Porcentaje sobre el total de personas en cada grupo etario,,9353
"Personas usuarias de Internet por grupo etario, países seleccionados América Latina y el Caribe, 2000 a 2022",Panamá,Total,2022,76,Porcentaje sobre el total de personas en cada grupo etario,,9353
"Personas usuarias de Internet por grupo etario, países seleccionados América Latina y el Caribe, 2000 a 2022",Paraguay,edad de medicion a 17 años,2005,8,Porcentaje sobre el total de personas en cada grupo etario,,9353
"Personas usuarias de Internet por grupo etario, países seleccionados América Latina y el Caribe, 2000 a 2022",Paraguay,edad de medicion a 17 años,2006,8,Porcentaje sobre el total de personas en cada grupo etario,,9353
"Personas usuarias de Internet por grupo etario, países seleccionados América Latina y el Caribe, 2000 a 2022",Paraguay,edad de medicion a 17 años,2007,12,Porcentaje sobre el total de personas en cada grupo etario,,9353
"Personas usuarias de Internet por grupo etario, países seleccionados América Latina y el Caribe, 2000 a 2022",Paraguay,edad de medicion a 17 años,2008,17,Porcentaje sobre el total de personas en cada grupo etario,,9353
"Personas usuarias de Internet por grupo etario, países seleccionados América Latina y el Caribe, 2000 a 2022",Paraguay,edad de medicion a 17 años,2009,22,Porcentaje sobre el total de personas en cada grupo etario,,9353
"Personas usuarias de Internet por grupo etario, países seleccionados América Latina y el Caribe, 2000 a 2022",Paraguay,edad de medicion a 17 años,2010,24,Porcentaje sobre el total de personas en cada grupo etario,,9353
"Personas usuarias de Internet por grupo etario, países seleccionados América Latina y el Caribe, 2000 a 2022",Paraguay,edad de medicion a 17 años,2011,28,Porcentaje sobre el total de personas en cada grupo etario,,9353
"Personas usuarias de Internet por grupo etario, países seleccionados América Latina y el Caribe, 2000 a 2022",Paraguay,edad de medicion a 17 años,2012,34,Porcentaje sobre el total de personas en cada grupo etario,,9353
"Personas usuarias de Internet por grupo etario, países seleccionados América Latina y el Caribe, 2000 a 2022",Paraguay,edad de medicion a 17 años,2013,41,Porcentaje sobre el total de personas en cada grupo etario,,9353
"Personas usuarias de Internet por grupo etario, países seleccionados América Latina y el Caribe, 2000 a 2022",Paraguay,edad de medicion a 17 años,2015,46,Porcentaje sobre el total de personas en cada grupo etario,,9353
"Personas usuarias de Internet por grupo etario, países seleccionados América Latina y el Caribe, 2000 a 2022",Paraguay,edad de medicion a 17 años,2016,44,Porcentaje sobre el total de personas en cada grupo etario,,9353
"Personas usuarias de Internet por grupo etario, países seleccionados América Latina y el Caribe, 2000 a 2022",Paraguay,edad de medicion a 17 años,2017,50,Porcentaje sobre el total de personas en cada grupo etario,,9353
"Personas usuarias de Internet por grupo etario, países seleccionados América Latina y el Caribe, 2000 a 2022",Paraguay,edad de medicion a 17 años,2018,51,Porcentaje sobre el total de personas en cada grupo etario,,9353
"Personas usuarias de Internet por grupo etario, países seleccionados América Latina y el Caribe, 2000 a 2022",Paraguay,edad de medicion a 17 años,2019,55,Porcentaje sobre el total de personas en cada grupo etario,,9353
"Personas usuarias de Internet por grupo etario, países seleccionados América Latina y el Caribe, 2000 a 2022",Paraguay,edad de medicion a 17 años,2020,71,Porcentaje sobre el total de personas en cada grupo etario,,9353
"Personas usuarias de Internet por grupo etario, países seleccionados América Latina y el Caribe, 2000 a 2022",Paraguay,edad de medicion a 17 años,2021,70,Porcentaje sobre el total de personas en cada grupo etario,,9353
"Personas usuarias de Internet por grupo etario, países seleccionados América Latina y el Caribe, 2000 a 2022",Paraguay,edad de medicion a 17 años,2022,64,Porcentaje sobre el total de personas en cada grupo etario,,9353
"Personas usuarias de Internet por grupo etario, países seleccionados América Latina y el Caribe, 2000 a 2022",Paraguay,18 a 25 años de edad,2005,13,Porcentaje sobre el total de personas en cada grupo etario,,9353
"Personas usuarias de Internet por grupo etario, países seleccionados América Latina y el Caribe, 2000 a 2022",Paraguay,18 a 25 años de edad,2006,17,Porcentaje sobre el total de personas en cada grupo etario,,9353
"Personas usuarias de Internet por grupo etario, países seleccionados América Latina y el Caribe, 2000 a 2022",Paraguay,18 a 25 años de edad,2007,20,Porcentaje sobre el total de personas en cada grupo etario,,9353
"Personas usuarias de Internet por grupo etario, países seleccionados América Latina y el Caribe, 2000 a 2022",Paraguay,18 a 25 años de edad,2008,25,Porcentaje sobre el total de personas en cada grupo etario,,9353
"Personas usuarias de Internet por grupo etario, países seleccionados América Latina y el Caribe, 2000 a 2022",Paraguay,18 a 25 años de edad,2009,31,Porcentaje sobre el total de personas en cada grupo etario,,9353
"Personas usuarias de Internet por grupo etario, países seleccionados América Latina y el Caribe, 2000 a 2022",Paraguay,18 a 25 años de edad,2010,31,Porcentaje sobre el total de personas en cada grupo etario,,9353
"Personas usuarias de Internet por grupo etario, países seleccionados América Latina y el Caribe, 2000 a 2022",Paraguay,18 a 25 años de edad,2011,37,Porcentaje sobre el total de personas en cada grupo etario,,9353
"Personas usuarias de Internet por grupo etario, países seleccionados América Latina y el Caribe, 2000 a 2022",Paraguay,18 a 25 años de edad,2012,48,Porcentaje sobre el total de personas en cada grupo etario,,9353
"Personas usuarias de Internet por grupo etario, países seleccionados América Latina y el Caribe, 2000 a 2022",Paraguay,18 a 25 años de edad,2013,60,Porcentaje sobre el total de personas en cada grupo etario,,9353
"Personas usuarias de Internet por grupo etario, países seleccionados América Latina y el Caribe, 2000 a 2022",Paraguay,18 a 25 años de edad,2015,75,Porcentaje sobre el total de personas en cada grupo etario,,9353
"Personas usuarias de Internet por grupo etario, países seleccionados América Latina y el Caribe, 2000 a 2022",Paraguay,18 a 25 años de edad,2016,81,Porcentaje sobre el total de personas en cada grupo etario,,9353
"Personas usuarias de Internet por grupo etario, países seleccionados América Latina y el Caribe, 2000 a 2022",Paraguay,18 a 25 años de edad,2017,85,Porcentaje sobre el total de personas en cada grupo etario,,9353
"Personas usuarias de Internet por grupo etario, países seleccionados América Latina y el Caribe, 2000 a 2022",Paraguay,18 a 25 años de edad,2018,88,Porcentaje sobre el total de personas en cada grupo etario,,9353
"Personas usuarias de Internet por grupo etario, países seleccionados América Latina y el Caribe, 2000 a 2022",Paraguay,18 a 25 años de edad,2019,91,Porcentaje sobre el total de personas en cada grupo etario,,9353
"Personas usuarias de Internet por grupo etario, países seleccionados América Latina y el Caribe, 2000 a 2022",Paraguay,18 a 25 años de edad,2020,90,Porcentaje sobre el total de personas en cada grupo etario,,9353
"Personas usuarias de Internet por grupo etario, países seleccionados América Latina y el Caribe, 2000 a 2022",Paraguay,18 a 25 años de edad,2021,92,Porcentaje sobre el total de personas en cada grupo etario,,9353
"Personas usuarias de Internet por grupo etario, países seleccionados América Latina y el Caribe, 2000 a 2022",Paraguay,18 a 25 años de edad,2022,91,Porcentaje sobre el total de personas en cada grupo etario,,9353
"Personas usuarias de Internet por grupo etario, países seleccionados América Latina y el Caribe, 2000 a 2022",Paraguay,26 a 50 años de edad,2005,8,Porcentaje sobre el total de personas en cada grupo etario,,9353
"Personas usuarias de Internet por grupo etario, países seleccionados América Latina y el Caribe, 2000 a 2022",Paraguay,26 a 50 años de edad,2006,8,Porcentaje sobre el total de personas en cada grupo etario,,9353
"Personas usuarias de Internet por grupo etario, países seleccionados América Latina y el Caribe, 2000 a 2022",Paraguay,26 a 50 años de edad,2007,10,Porcentaje sobre el total de personas en cada grupo etario,,9353
"Personas usuarias de Internet por grupo etario, países seleccionados América Latina y el Caribe, 2000 a 2022",Paraguay,26 a 50 años de edad,2008,14,Porcentaje sobre el total de personas en cada grupo etario,,9353
"Personas usuarias de Internet por grupo etario, países seleccionados América Latina y el Caribe, 2000 a 2022",Paraguay,26 a 50 años de edad,2009,17,Porcentaje sobre el total de personas en cada grupo etario,,9353
"Personas usuarias de Internet por grupo etario, países seleccionados América Latina y el Caribe, 2000 a 2022",Paraguay,26 a 50 años de edad,2010,18,Porcentaje sobre el total de personas en cada grupo etario,,9353
"Personas usuarias de Internet por grupo etario, países seleccionados América Latina y el Caribe, 2000 a 2022",Paraguay,26 a 50 años de edad,2011,24,Porcentaje sobre el total de personas en cada grupo etario,,9353
"Personas usuarias de Internet por grupo etario, países seleccionados América Latina y el Caribe, 2000 a 2022",Paraguay,26 a 50 años de edad,2012,27,Porcentaje sobre el total de personas en cada grupo etario,,9353
"Personas usuarias de Internet por grupo etario, países seleccionados América Latina y el Caribe, 2000 a 2022",Paraguay,26 a 50 años de edad,2013,38,Porcentaje sobre el total de personas en cada grupo etario,,9353
"Personas usuarias de Internet por grupo etario, países seleccionados América Latina y el Caribe, 2000 a 2022",Paraguay,26 a 50 años de edad,2015,57,Porcentaje sobre el total de personas en cada grupo etario,,9353
"Personas usuarias de Internet por grupo etario, países seleccionados América Latina y el Caribe, 2000 a 2022",Paraguay,26 a 50 años de edad,2016,63,Porcentaje sobre el total de personas en cada grupo etario,,9353
"Personas usuarias de Internet por grupo etario, países seleccionados América Latina y el Caribe, 2000 a 2022",Paraguay,26 a 50 años de edad,2017,73,Porcentaje sobre el total de personas en cada grupo etario,,9353
"Personas usuarias de Internet por grupo etario, países seleccionados América Latina y el Caribe, 2000 a 2022",Paraguay,26 a 50 años de edad,2018,78,Porcentaje sobre el total de personas en cada grupo etario,,9353
"Personas usuarias de Internet por grupo etario, países seleccionados América Latina y el Caribe, 2000 a 2022",Paraguay,26 a 50 años de edad,2019,82,Porcentaje sobre el total de personas en cada grupo etario,,9353
"Personas usuarias de Internet por grupo etario, países seleccionados América Latina y el Caribe, 2000 a 2022",Paraguay,26 a 50 años de edad,2020,85,Porcentaje sobre el total de personas en cada grupo etario,,9353
"Personas usuarias de Internet por grupo etario, países seleccionados América Latina y el Caribe, 2000 a 2022",Paraguay,26 a 50 años de edad,2021,89,Porcentaje sobre el total de personas en cada grupo etario,,9353
"Personas usuarias de Internet por grupo etario, países seleccionados América Latina y el Caribe, 2000 a 2022",Paraguay,26 a 50 años de edad,2022,88,Porcentaje sobre el total de personas en cada grupo etario,,9353
"Personas usuarias de Internet por grupo etario, países seleccionados América Latina y el Caribe, 2000 a 2022",Paraguay,51 a 65 años,2005,2,Porcentaje sobre el total de personas en cada grupo etario,,9353
"Personas usuarias de Internet por grupo etario, países seleccionados América Latina y el Caribe, 2000 a 2022",Paraguay,51 a 65 años,2006,2,Porcentaje sobre el total de personas en cada grupo etario,,9353
"Personas usuarias de Internet por grupo etario, países seleccionados América Latina y el Caribe, 2000 a 2022",Paraguay,51 a 65 años,2007,5,Porcentaje sobre el total de personas en cada grupo etario,,9353
"Personas usuarias de Internet por grupo etario, países seleccionados América Latina y el Caribe, 2000 a 2022",Paraguay,51 a 65 años,2008,7,Porcentaje sobre el total de personas en cada grupo etario,,9353
"Personas usuarias de Internet por grupo etario, países seleccionados América Latina y el Caribe, 2000 a 2022",Paraguay,51 a 65 años,2009,8,Porcentaje sobre el total de personas en cada grupo etario,,9353
"Personas usuarias de Internet por grupo etario, países seleccionados América Latina y el Caribe, 2000 a 2022",Paraguay,51 a 65 años,2010,8,Porcentaje sobre el total de personas en cada grupo etario,,9353
"Personas usuarias de Internet por grupo etario, países seleccionados América Latina y el Caribe, 2000 a 2022",Paraguay,51 a 65 años,2011,10,Porcentaje sobre el total de personas en cada grupo etario,,9353
"Personas usuarias de Internet por grupo etario, países seleccionados América Latina y el Caribe, 2000 a 2022",Paraguay,51 a 65 años,2012,11,Porcentaje sobre el total de personas en cada grupo etario,,9353
"Personas usuarias de Internet por grupo etario, países seleccionados América Latina y el Caribe, 2000 a 2022",Paraguay,51 a 65 años,2013,12,Porcentaje sobre el total de personas en cada grupo etario,,9353
"Personas usuarias de Internet por grupo etario, países seleccionados América Latina y el Caribe, 2000 a 2022",Paraguay,51 a 65 años,2015,19,Porcentaje sobre el total de personas en cada grupo etario,,9353
"Personas usuarias de Internet por grupo etario, países seleccionados América Latina y el Caribe, 2000 a 2022",Paraguay,51 a 65 años,2016,26,Porcentaje sobre el total de personas en cada grupo etario,,9353
"Personas usuarias de Internet por grupo etario, países seleccionados América Latina y el Caribe, 2000 a 2022",Paraguay,51 a 65 años,2017,34,Porcentaje sobre el total de personas en cada grupo etario,,9353
"Personas usuarias de Internet por grupo etario, países seleccionados América Latina y el Caribe, 2000 a 2022",Paraguay,51 a 65 años,2018,42,Porcentaje sobre el total de personas en cada grupo etario,,9353
"Personas usuarias de Internet por grupo etario, países seleccionados América Latina y el Caribe, 2000 a 2022",Paraguay,51 a 65 años,2019,49,Porcentaje sobre el total de personas en cada grupo etario,,9353
"Personas usuarias de Internet por grupo etario, países seleccionados América Latina y el Caribe, 2000 a 2022",Paraguay,51 a 65 años,2020,55,Porcentaje sobre el total de personas en cada grupo etario,,9353
"Personas usuarias de Internet por grupo etario, países seleccionados América Latina y el Caribe, 2000 a 2022",Paraguay,51 a 65 años,2021,61,Porcentaje sobre el total de personas en cada grupo etario,,9353
"Personas usuarias de Internet por grupo etario, países seleccionados América Latina y el Caribe, 2000 a 2022",Paraguay,51 a 65 años,2022,64,Porcentaje sobre el total de personas en cada grupo etario,,9353
"Personas usuarias de Internet por grupo etario, países seleccionados América Latina y el Caribe, 2000 a 2022",Paraguay,66 años en adelante,2005,1,Porcentaje sobre el total de personas en cada grupo etario,,9353
"Personas usuarias de Internet por grupo etario, países seleccionados América Latina y el Caribe, 2000 a 2022",Paraguay,66 años en adelante,2006,1,Porcentaje sobre el total de personas en cada grupo etario,,9353
"Personas usuarias de Internet por grupo etario, países seleccionados América Latina y el Caribe, 2000 a 2022",Paraguay,66 años en adelante,2007,2,Porcentaje sobre el total de personas en cada grupo etario,,9353
"Personas usuarias de Internet por grupo etario, países seleccionados América Latina y el Caribe, 2000 a 2022",Paraguay,66 años en adelante,2008,1,Porcentaje sobre el total de personas en cada grupo etario,,9353
"Personas usuarias de Internet por grupo etario, países seleccionados América Latina y el Caribe, 2000 a 2022",Paraguay,66 años en adelante,2009,1,Porcentaje sobre el total de personas en cada grupo etario,,9353
"Personas usuarias de Internet por grupo etario, países seleccionados América Latina y el Caribe, 2000 a 2022",Paraguay,66 años en adelante,2010,2,Porcentaje sobre el total de personas en cada grupo etario,,9353
"Personas usuarias de Internet por grupo etario, países seleccionados América Latina y el Caribe, 2000 a 2022",Paraguay,66 años en adelante,2011,3,Porcentaje sobre el total de personas en cada grupo etario,,9353
"Personas usuarias de Internet por grupo etario, países seleccionados América Latina y el Caribe, 2000 a 2022",Paraguay,66 años en adelante,2012,3,Porcentaje sobre el total de personas en cada grupo etario,,9353
"Personas usuarias de Internet por grupo etario, países seleccionados América Latina y el Caribe, 2000 a 2022",Paraguay,66 años en adelante,2013,3,Porcentaje sobre el total de personas en cada grupo etario,,9353
"Personas usuarias de Internet por grupo etario, países seleccionados América Latina y el Caribe, 2000 a 2022",Paraguay,66 años en adelante,2015,4,Porcentaje sobre el total de personas en cada grupo etario,,9353
"Personas usuarias de Internet por grupo etario, países seleccionados América Latina y el Caribe, 2000 a 2022",Paraguay,66 años en adelante,2016,7,Porcentaje sobre el total de personas en cada grupo etario,,9353
"Personas usuarias de Internet por grupo etario, países seleccionados América Latina y el Caribe, 2000 a 2022",Paraguay,66 años en adelante,2017,11,Porcentaje sobre el total de personas en cada grupo etario,,9353
"Personas usuarias de Internet por grupo etario, países seleccionados América Latina y el Caribe, 2000 a 2022",Paraguay,66 años en adelante,2018,13,Porcentaje sobre el total de personas en cada grupo etario,,9353
"Personas usuarias de Internet por grupo etario, países seleccionados América Latina y el Caribe, 2000 a 2022",Paraguay,66 años en adelante,2019,13,Porcentaje sobre el total de personas en cada grupo etario,,9353
"Personas usuarias de Internet por grupo etario, países seleccionados América Latina y el Caribe, 2000 a 2022",Paraguay,66 años en adelante,2020,19,Porcentaje sobre el total de personas en cada grupo etario,,9353
"Personas usuarias de Internet por grupo etario, países seleccionados América Latina y el Caribe, 2000 a 2022",Paraguay,66 años en adelante,2021,25,Porcentaje sobre el total de personas en cada grupo etario,,9353
"Personas usuarias de Internet por grupo etario, países seleccionados América Latina y el Caribe, 2000 a 2022",Paraguay,66 años en adelante,2022,29,Porcentaje sobre el total de personas en cada grupo etario,,9353
"Personas usuarias de Internet por grupo etario, países seleccionados América Latina y el Caribe, 2000 a 2022",Paraguay,Total,2005,8,Porcentaje sobre el total de personas en cada grupo etario,,9353
"Personas usuarias de Internet por grupo etario, países seleccionados América Latina y el Caribe, 2000 a 2022",Paraguay,Total,2006,8,Porcentaje sobre el total de personas en cada grupo etario,,9353
"Personas usuarias de Internet por grupo etario, países seleccionados América Latina y el Caribe, 2000 a 2022",Paraguay,Total,2007,11,Porcentaje sobre el total de personas en cada grupo etario,,9353
"Personas usuarias de Internet por grupo etario, países seleccionados América Latina y el Caribe, 2000 a 2022",Paraguay,Total,2008,15,Porcentaje sobre el total de personas en cada grupo etario,,9353
"Personas usuarias de Internet por grupo etario, países seleccionados América Latina y el Caribe, 2000 a 2022",Paraguay,Total,2009,19,Porcentaje sobre el total de personas en cada grupo etario,,9353
"Personas usuarias de Internet por grupo etario, países seleccionados América Latina y el Caribe, 2000 a 2022",Paraguay,Total,2010,20,Porcentaje sobre el total de personas en cada grupo etario,,9353
"Personas usuarias de Internet por grupo etario, países seleccionados América Latina y el Caribe, 2000 a 2022",Paraguay,Total,2011,24,Porcentaje sobre el total de personas en cada grupo etario,,9353
"Personas usuarias de Internet por grupo etario, países seleccionados América Latina y el Caribe, 2000 a 2022",Paraguay,Total,2012,29,Porcentaje sobre el total de personas en cada grupo etario,,9353
"Personas usuarias de Internet por grupo etario, países seleccionados América Latina y el Caribe, 2000 a 2022",Paraguay,Total,2013,37,Porcentaje sobre el total de personas en cada grupo etario,,9353
"Personas usuarias de Internet por grupo etario, países seleccionados América Latina y el Caribe, 2000 a 2022",Paraguay,Total,2015,50,Porcentaje sobre el total de personas en cada grupo etario,,9353
"Personas usuarias de Internet por grupo etario, países seleccionados América Latina y el Caribe, 2000 a 2022",Paraguay,Total,2016,53,Porcentaje sobre el total de personas en cada grupo etario,,9353
"Personas usuarias de Internet por grupo etario, países seleccionados América Latina y el Caribe, 2000 a 2022",Paraguay,Total,2017,61,Porcentaje sobre el total de personas en cada grupo etario,,9353
"Personas usuarias de Internet por grupo etario, países seleccionados América Latina y el Caribe, 2000 a 2022",Paraguay,Total,2018,65,Porcentaje sobre el total de personas en cada grupo etario,,9353
"Personas usuarias de Internet por grupo etario, países seleccionados América Latina y el Caribe, 2000 a 2022",Paraguay,Total,2019,69,Porcentaje sobre el total de personas en cada grupo etario,,9353
"Personas usuarias de Internet por grupo etario, países seleccionados América Latina y el Caribe, 2000 a 2022",Paraguay,Total,2020,74,Porcentaje sobre el total de personas en cada grupo etario,,9353
"Personas usuarias de Internet por grupo etario, países seleccionados América Latina y el Caribe, 2000 a 2022",Paraguay,Total,2021,77,Porcentaje sobre el total de personas en cada grupo etario,,9353
"Personas usuarias de Internet por grupo etario, países seleccionados América Latina y el Caribe, 2000 a 2022",Paraguay,Total,2022,76,Porcentaje sobre el total de personas en cada grupo etario,,9353
"Personas usuarias de Internet por grupo etario, países seleccionados América Latina y el Caribe, 2000 a 2022",Perú,edad de medicion a 17 años,2007,38,Porcentaje sobre el total de personas en cada grupo etario,,9353
"Personas usuarias de Internet por grupo etario, países seleccionados América Latina y el Caribe, 2000 a 2022",Perú,edad de medicion a 17 años,2008,39,Porcentaje sobre el total de personas en cada grupo etario,,9353
"Personas usuarias de Internet por grupo etario, países seleccionados América Latina y el Caribe, 2000 a 2022",Perú,edad de medicion a 17 años,2009,42,Porcentaje sobre el total de personas en cada grupo etario,,9353
"Personas usuarias de Internet por grupo etario, países seleccionados América Latina y el Caribe, 2000 a 2022",Perú,edad de medicion a 17 años,2010,43,Porcentaje sobre el total de personas en cada grupo etario,,9353
"Personas usuarias de Internet por grupo etario, países seleccionados América Latina y el Caribe, 2000 a 2022",Perú,edad de medicion a 17 años,2011,45,Porcentaje sobre el total de personas en cada grupo etario,,9353
"Personas usuarias de Internet por grupo etario, países seleccionados América Latina y el Caribe, 2000 a 2022",Perú,edad de medicion a 17 años,2012,46,Porcentaje sobre el total de personas en cada grupo etario,,9353
"Personas usuarias de Internet por grupo etario, países seleccionados América Latina y el Caribe, 2000 a 2022",Perú,edad de medicion a 17 años,2013,47,Porcentaje sobre el total de personas en cada grupo etario,,9353
"Personas usuarias de Internet por grupo etario, países seleccionados América Latina y el Caribe, 2000 a 2022",Perú,edad de medicion a 17 años,2014,47,Porcentaje sobre el total de personas en cada grupo etario,,9353
"Personas usuarias de Internet por grupo etario, países seleccionados América Latina y el Caribe, 2000 a 2022",Perú,edad de medicion a 17 años,2015,47,Porcentaje sobre el total de personas en cada grupo etario,,9353
"Personas usuarias de Internet por grupo etario, países seleccionados América Latina y el Caribe, 2000 a 2022",Perú,edad de medicion a 17 años,2016,50,Porcentaje sobre el total de personas en cada grupo etario,,9353
"Personas usuarias de Internet por grupo etario, países seleccionados América Latina y el Caribe, 2000 a 2022",Perú,edad de medicion a 17 años,2017,51,Porcentaje sobre el total de personas en cada grupo etario,,9353
"Personas usuarias de Internet por grupo etario, países seleccionados América Latina y el Caribe, 2000 a 2022",Perú,edad de medicion a 17 años,2018,52,Porcentaje sobre el total de personas en cada grupo etario,,9353
"Personas usuarias de Internet por grupo etario, países seleccionados América Latina y el Caribe, 2000 a 2022",Perú,edad de medicion a 17 años,2019,55,Porcentaje sobre el total de personas en cada grupo etario,,9353
"Personas usuarias de Internet por grupo etario, países seleccionados América Latina y el Caribe, 2000 a 2022",Perú,edad de medicion a 17 años,2020,68,Porcentaje sobre el total de personas en cada grupo etario,,9353
"Personas usuarias de Internet por grupo etario, países seleccionados América Latina y el Caribe, 2000 a 2022",Perú,edad de medicion a 17 años,2021,81,Porcentaje sobre el total de personas en cada grupo etario,,9353
"Personas usuarias de Internet por grupo etario, países seleccionados América Latina y el Caribe, 2000 a 2022",Perú,edad de medicion a 17 años,2022,72,Porcentaje sobre el total de personas en cada grupo etario,,9353
"Personas usuarias de Internet por grupo etario, países seleccionados América Latina y el Caribe, 2000 a 2022",Perú,18 a 25 años de edad,2007,55,Porcentaje sobre el total de personas en cada grupo etario,,9353
"Personas usuarias de Internet por grupo etario, países seleccionados América Latina y el Caribe, 2000 a 2022",Perú,18 a 25 años de edad,2008,55,Porcentaje sobre el total de personas en cada grupo etario,,9353
"Personas usuarias de Internet por grupo etario, países seleccionados América Latina y el Caribe, 2000 a 2022",Perú,18 a 25 años de edad,2009,58,Porcentaje sobre el total de personas en cada grupo etario,,9353
"Personas usuarias de Internet por grupo etario, países seleccionados América Latina y el Caribe, 2000 a 2022",Perú,18 a 25 años de edad,2010,58,Porcentaje sobre el total de personas en cada grupo etario,,9353
"Personas usuarias de Internet por grupo etario, países seleccionados América Latina y el Caribe, 2000 a 2022",Perú,18 a 25 años de edad,2011,60,Porcentaje sobre el total de personas en cada grupo etario,,9353
"Personas usuarias de Internet por grupo etario, países seleccionados América Latina y el Caribe, 2000 a 2022",Perú,18 a 25 años de edad,2012,64,Porcentaje sobre el total de personas en cada grupo etario,,9353
"Personas usuarias de Internet por grupo etario, países seleccionados América Latina y el Caribe, 2000 a 2022",Perú,18 a 25 años de edad,2013,66,Porcentaje sobre el total de personas en cada grupo etario,,9353
"Personas usuarias de Internet por grupo etario, países seleccionados América Latina y el Caribe, 2000 a 2022",Perú,18 a 25 años de edad,2014,68,Porcentaje sobre el total de personas en cada grupo etario,,9353
"Personas usuarias de Internet por grupo etario, países seleccionados América Latina y el Caribe, 2000 a 2022",Perú,18 a 25 años de edad,2015,69,Porcentaje sobre el total de personas en cada grupo etario,,9353
"Personas usuarias de Internet por grupo etario, países seleccionados América Latina y el Caribe, 2000 a 2022",Perú,18 a 25 años de edad,2016,75,Porcentaje sobre el total de personas en cada grupo etario,,9353
"Personas usuarias de Internet por grupo etario, países seleccionados América Latina y el Caribe, 2000 a 2022",Perú,18 a 25 años de edad,2017,79,Porcentaje sobre el total de personas en cada grupo etario,,9353
"Personas usuarias de Internet por grupo etario, países seleccionados América Latina y el Caribe, 2000 a 2022",Perú,18 a 25 años de edad,2018,82,Porcentaje sobre el total de personas en cada grupo etario,,9353
"Personas usuarias de Internet por grupo etario, países seleccionados América Latina y el Caribe, 2000 a 2022",Perú,18 a 25 años de edad,2019,86,Porcentaje sobre el total de personas en cada grupo etario,,9353
"Personas usuarias de Internet por grupo etario, países seleccionados América Latina y el Caribe, 2000 a 2022",Perú,18 a 25 años de edad,2020,87,Porcentaje sobre el total de personas en cada grupo etario,,9353
"Personas usuarias de Internet por grupo etario, países seleccionados América Latina y el Caribe, 2000 a 2022",Perú,18 a 25 años de edad,2021,91,Porcentaje sobre el total de personas en cada grupo etario,,9353
"Personas usuarias de Internet por grupo etario, países seleccionados América Latina y el Caribe, 2000 a 2022",Perú,18 a 25 años de edad,2022,93,Porcentaje sobre el total de personas en cada grupo etario,,9353
"Personas usuarias de Internet por grupo etario, países seleccionados América Latina y el Caribe, 2000 a 2022",Perú,26 a 50 años de edad,2007,26,Porcentaje sobre el total de personas en cada grupo etario,,9353
"Personas usuarias de Internet por grupo etario, países seleccionados América Latina y el Caribe, 2000 a 2022",Perú,26 a 50 años de edad,2008,26,Porcentaje sobre el total de personas en cada grupo etario,,9353
"Personas usuarias de Internet por grupo etario, países seleccionados América Latina y el Caribe, 2000 a 2022",Perú,26 a 50 años de edad,2009,29,Porcentaje sobre el total de personas en cada grupo etario,,9353
"Personas usuarias de Internet por grupo etario, países seleccionados América Latina y el Caribe, 2000 a 2022",Perú,26 a 50 años de edad,2010,29,Porcentaje sobre el total de personas en cada grupo etario,,9353
"Personas usuarias de Internet por grupo etario, países seleccionados América Latina y el Caribe, 2000 a 2022",Perú,26 a 50 años de edad,2011,31,Porcentaje sobre el total de personas en cada grupo etario,,9353
"Personas usuarias de Internet por grupo etario, países seleccionados América Latina y el Caribe, 2000 a 2022",Perú,26 a 50 años de edad,2012,33,Porcentaje sobre el total de personas en cada grupo etario,,9353
"Personas usuarias de Internet por grupo etario, países seleccionados América Latina y el Caribe, 2000 a 2022",Perú,26 a 50 años de edad,2013,35,Porcentaje sobre el total de personas en cada grupo etario,,9353
"Personas usuarias de Internet por grupo etario, países seleccionados América Latina y el Caribe, 2000 a 2022",Perú,26 a 50 años de edad,2014,37,Porcentaje sobre el total de personas en cada grupo etario,,9353
"Personas usuarias de Internet por grupo etario, países seleccionados América Latina y el Caribe, 2000 a 2022",Perú,26 a 50 años de edad,2015,38,Porcentaje sobre el total de personas en cada grupo etario,,9353
"Personas usuarias de Internet por grupo etario, países seleccionados América Latina y el Caribe, 2000 a 2022",Perú,26 a 50 años de edad,2016,45,Porcentaje sobre el total de personas en cada grupo etario,,9353
"Personas usuarias de Internet por grupo etario, países seleccionados América Latina y el Caribe, 2000 a 2022",Perú,26 a 50 años de edad,2017,50,Porcentaje sobre el total de personas en cada grupo etario,,9353
"Personas usuarias de Internet por grupo etario, países seleccionados América Latina y el Caribe, 2000 a 2022",Perú,26 a 50 años de edad,2018,57,Porcentaje sobre el total de personas en cada grupo etario,,9353
"Personas usuarias de Internet por grupo etario, países seleccionados América Latina y el Caribe, 2000 a 2022",Perú,26 a 50 años de edad,2019,63,Porcentaje sobre el total de personas en cada grupo etario,,9353
"Personas usuarias de Internet por grupo etario, países seleccionados América Latina y el Caribe, 2000 a 2022",Perú,26 a 50 años de edad,2020,69,Porcentaje sobre el total de personas en cada grupo etario,,9353
"Personas usuarias de Internet por grupo etario, países seleccionados América Latina y el Caribe, 2000 a 2022",Perú,26 a 50 años de edad,2021,76,Porcentaje sobre el total de personas en cada grupo etario,,9353
"Personas usuarias de Internet por grupo etario, países seleccionados América Latina y el Caribe, 2000 a 2022",Perú,26 a 50 años de edad,2022,80,Porcentaje sobre el total de personas en cada grupo etario,,9353
"Personas usuarias de Internet por grupo etario, países seleccionados América Latina y el Caribe, 2000 a 2022",Perú,51 a 65 años,2007,11,Porcentaje sobre el total de personas en cada grupo etario,,9353
"Personas usuarias de Internet por grupo etario, países seleccionados América Latina y el Caribe, 2000 a 2022",Perú,51 a 65 años,2008,11,Porcentaje sobre el total de personas en cada grupo etario,,9353
"Personas usuarias de Internet por grupo etario, países seleccionados América Latina y el Caribe, 2000 a 2022",Perú,51 a 65 años,2009,13,Porcentaje sobre el total de personas en cada grupo etario,,9353
"Personas usuarias de Internet por grupo etario, países seleccionados América Latina y el Caribe, 2000 a 2022",Perú,51 a 65 años,2010,14,Porcentaje sobre el total de personas en cada grupo etario,,9353
"Personas usuarias de Internet por grupo etario, países seleccionados América Latina y el Caribe, 2000 a 2022",Perú,51 a 65 años,2011,15,Porcentaje sobre el total de personas en cada grupo etario,,9353
"Personas usuarias de Internet por grupo etario, países seleccionados América Latina y el Caribe, 2000 a 2022",Perú,51 a 65 años,2012,18,Porcentaje sobre el total de personas en cada grupo etario,,9353
"Personas usuarias de Internet por grupo etario, países seleccionados América Latina y el Caribe, 2000 a 2022",Perú,51 a 65 años,2013,17,Porcentaje sobre el total de personas en cada grupo etario,,9353
"Personas usuarias de Internet por grupo etario, países seleccionados América Latina y el Caribe, 2000 a 2022",Perú,51 a 65 años,2014,18,Porcentaje sobre el total de personas en cada grupo etario,,9353
"Personas usuarias de Internet por grupo etario, países seleccionados América Latina y el Caribe, 2000 a 2022",Perú,51 a 65 años,2015,20,Porcentaje sobre el total de personas en cada grupo etario,,9353
"Personas usuarias de Internet por grupo etario, países seleccionados América Latina y el Caribe, 2000 a 2022",Perú,51 a 65 años,2016,23,Porcentaje sobre el total de personas en cada grupo etario,,9353
"Personas usuarias de Internet por grupo etario, países seleccionados América Latina y el Caribe, 2000 a 2022",Perú,51 a 65 años,2017,26,Porcentaje sobre el total de personas en cada grupo etario,,9353
"Personas usuarias de Internet por grupo etario, países seleccionados América Latina y el Caribe, 2000 a 2022",Perú,51 a 65 años,2018,31,Porcentaje sobre el total de personas en cada grupo etario,,9353
"Personas usuarias de Internet por grupo etario, países seleccionados América Latina y el Caribe, 2000 a 2022",Perú,51 a 65 años,2019,36,Porcentaje sobre el total de personas en cada grupo etario,,9353
"Personas usuarias de Internet por grupo etario, países seleccionados América Latina y el Caribe, 2000 a 2022",Perú,51 a 65 años,2020,42,Porcentaje sobre el total de personas en cada grupo etario,,9353
"Personas usuarias de Internet por grupo etario, países seleccionados América Latina y el Caribe, 2000 a 2022",Perú,51 a 65 años,2021,48,Porcentaje sobre el total de personas en cada grupo etario,,9353
"Personas usuarias de Internet por grupo etario, países seleccionados América Latina y el Caribe, 2000 a 2022",Perú,51 a 65 años,2022,54,Porcentaje sobre el total de personas en cada grupo etario,,9353
"Personas usuarias de Internet por grupo etario, países seleccionados América Latina y el Caribe, 2000 a 2022",Perú,66 años en adelante,2007,2,Porcentaje sobre el total de personas en cada grupo etario,,9353
"Personas usuarias de Internet por grupo etario, países seleccionados América Latina y el Caribe, 2000 a 2022",Perú,66 años en adelante,2008,3,Porcentaje sobre el total de personas en cada grupo etario,,9353
"Personas usuarias de Internet por grupo etario, países seleccionados América Latina y el Caribe, 2000 a 2022",Perú,66 años en adelante,2009,3,Porcentaje sobre el total de personas en cada grupo etario,,9353
"Personas usuarias de Internet por grupo etario, países seleccionados América Latina y el Caribe, 2000 a 2022",Perú,66 años en adelante,2010,3,Porcentaje sobre el total de personas en cada grupo etario,,9353
"Personas usuarias de Internet por grupo etario, países seleccionados América Latina y el Caribe, 2000 a 2022",Perú,66 años en adelante,2011,4,Porcentaje sobre el total de personas en cada grupo etario,,9353
"Personas usuarias de Internet por grupo etario, países seleccionados América Latina y el Caribe, 2000 a 2022",Perú,66 años en adelante,2012,4,Porcentaje sobre el total de personas en cada grupo etario,,9353
"Personas usuarias de Internet por grupo etario, países seleccionados América Latina y el Caribe, 2000 a 2022",Perú,66 años en adelante,2013,5,Porcentaje sobre el total de personas en cada grupo etario,,9353
"Personas usuarias de Internet por grupo etario, países seleccionados América Latina y el Caribe, 2000 a 2022",Perú,66 años en adelante,2014,5,Porcentaje sobre el total de personas en cada grupo etario,,9353
"Personas usuarias de Internet por grupo etario, países seleccionados América Latina y el Caribe, 2000 a 2022",Perú,66 años en adelante,2015,6,Porcentaje sobre el total de personas en cada grupo etario,,9353
"Personas usuarias de Internet por grupo etario, países seleccionados América Latina y el Caribe, 2000 a 2022",Perú,66 años en adelante,2016,7,Porcentaje sobre el total de personas en cada grupo etario,,9353
"Personas usuarias de Internet por grupo etario, países seleccionados América Latina y el Caribe, 2000 a 2022",Perú,66 años en adelante,2017,8,Porcentaje sobre el total de personas en cada grupo etario,,9353
"Personas usuarias de Internet por grupo etario, países seleccionados América Latina y el Caribe, 2000 a 2022",Perú,66 años en adelante,2018,10,Porcentaje sobre el total de personas en cada grupo etario,,9353
"Personas usuarias de Internet por grupo etario, países seleccionados América Latina y el Caribe, 2000 a 2022",Perú,66 años en adelante,2019,13,Porcentaje sobre el total de personas en cada grupo etario,,9353
"Personas usuarias de Internet por grupo etario, países seleccionados América Latina y el Caribe, 2000 a 2022",Perú,66 años en adelante,2020,18,Porcentaje sobre el total de personas en cada grupo etario,,9353
"Personas usuarias de Internet por grupo etario, países seleccionados América Latina y el Caribe, 2000 a 2022",Perú,66 años en adelante,2021,20,Porcentaje sobre el total de personas en cada grupo etario,,9353
"Personas usuarias de Internet por grupo etario, países seleccionados América Latina y el Caribe, 2000 a 2022",Perú,66 años en adelante,2022,23,Porcentaje sobre el total de personas en cada grupo etario,,9353
"Personas usuarias de Internet por grupo etario, países seleccionados América Latina y el Caribe, 2000 a 2022",Perú,Total,2007,30,Porcentaje sobre el total de personas en cada grupo etario,,9353
"Personas usuarias de Internet por grupo etario, países seleccionados América Latina y el Caribe, 2000 a 2022",Perú,Total,2008,31,Porcentaje sobre el total de personas en cada grupo etario,,9353
"Personas usuarias de Internet por grupo etario, países seleccionados América Latina y el Caribe, 2000 a 2022",Perú,Total,2009,33,Porcentaje sobre el total de personas en cada grupo etario,,9353
"Personas usuarias de Internet por grupo etario, países seleccionados América Latina y el Caribe, 2000 a 2022",Perú,Total,2010,33,Porcentaje sobre el total de personas en cada grupo etario,,9353
"Personas usuarias de Internet por grupo etario, países seleccionados América Latina y el Caribe, 2000 a 2022",Perú,Total,2011,34,Porcentaje sobre el total de personas en cada grupo etario,,9353
"Personas usuarias de Internet por grupo etario, países seleccionados América Latina y el Caribe, 2000 a 2022",Perú,Total,2012,36,Porcentaje sobre el total de personas en cada grupo etario,,9353
"Personas usuarias de Internet por grupo etario, países seleccionados América Latina y el Caribe, 2000 a 2022",Perú,Total,2013,37,Porcentaje sobre el total de personas en cada grupo etario,,9353
"Personas usuarias de Internet por grupo etario, países seleccionados América Latina y el Caribe, 2000 a 2022",Perú,Total,2014,38,Porcentaje sobre el total de personas en cada grupo etario,,9353
"Personas usuarias de Internet por grupo etario, países seleccionados América Latina y el Caribe, 2000 a 2022",Perú,Total,2015,39,Porcentaje sobre el total de personas en cada grupo etario,,9353
"Personas usuarias de Internet por grupo etario, países seleccionados América Latina y el Caribe, 2000 a 2022",Perú,Total,2016,43,Porcentaje sobre el total de personas en cada grupo etario,,9353
"Personas usuarias de Internet por grupo etario, países seleccionados América Latina y el Caribe, 2000 a 2022",Perú,Total,2017,46,Porcentaje sobre el total de personas en cada grupo etario,,9353
"Personas usuarias de Internet por grupo etario, países seleccionados América Latina y el Caribe, 2000 a 2022",Perú,Total,2018,49,Porcentaje sobre el total de personas en cada grupo etario,,9353
"Personas usuarias de Internet por grupo etario, países seleccionados América Latina y el Caribe, 2000 a 2022",Perú,Total,2019,54,Porcentaje sobre el total de personas en cada grupo etario,,9353
"Personas usuarias de Internet por grupo etario, países seleccionados América Latina y el Caribe, 2000 a 2022",Perú,Total,2020,61,Porcentaje sobre el total de personas en cada grupo etario,,9353
"Personas usuarias de Internet por grupo etario, países seleccionados América Latina y el Caribe, 2000 a 2022",Perú,Total,2021,68,Porcentaje sobre el total de personas en cada grupo etario,,9353
"Personas usuarias de Internet por grupo etario, países seleccionados América Latina y el Caribe, 2000 a 2022",Perú,Total,2022,69,Porcentaje sobre el total de personas en cada grupo etario,,9353
"Personas usuarias de Internet por grupo etario, países seleccionados América Latina y el Caribe, 2000 a 2022",Uruguay,edad de medicion a 17 años,2008,51,Porcentaje sobre el total de personas en cada grupo etario,,9353
"Personas usuarias de Internet por grupo etario, países seleccionados América Latina y el Caribe, 2000 a 2022",Uruguay,edad de medicion a 17 años,2009,68,Porcentaje sobre el total de personas en cada grupo etario,,9353
"Personas usuarias de Internet por grupo etario, países seleccionados América Latina y el Caribe, 2000 a 2022",Uruguay,edad de medicion a 17 años,2010,78,Porcentaje sobre el total de personas en cada grupo etario,,9353
"Personas usuarias de Internet por grupo etario, países seleccionados América Latina y el Caribe, 2000 a 2022",Uruguay,edad de medicion a 17 años,2011,79,Porcentaje sobre el total de personas en cada grupo etario,,9353
"Personas usuarias de Internet por grupo etario, países seleccionados América Latina y el Caribe, 2000 a 2022",Uruguay,edad de medicion a 17 años,2012,81,Porcentaje sobre el total de personas en cada grupo etario,,9353
"Personas usuarias de Internet por grupo etario, países seleccionados América Latina y el Caribe, 2000 a 2022",Uruguay,edad de medicion a 17 años,2013,84,Porcentaje sobre el total de personas en cada grupo etario,,9353
"Personas usuarias de Internet por grupo etario, países seleccionados América Latina y el Caribe, 2000 a 2022",Uruguay,edad de medicion a 17 años,2014,84,Porcentaje sobre el total de personas en cada grupo etario,,9353
"Personas usuarias de Internet por grupo etario, países seleccionados América Latina y el Caribe, 2000 a 2022",Uruguay,edad de medicion a 17 años,2015,85,Porcentaje sobre el total de personas en cada grupo etario,,9353
"Personas usuarias de Internet por grupo etario, países seleccionados América Latina y el Caribe, 2000 a 2022",Uruguay,edad de medicion a 17 años,2016,89,Porcentaje sobre el total de personas en cada grupo etario,,9353
"Personas usuarias de Internet por grupo etario, países seleccionados América Latina y el Caribe, 2000 a 2022",Uruguay,edad de medicion a 17 años,2017,90,Porcentaje sobre el total de personas en cada grupo etario,,9353
"Personas usuarias de Internet por grupo etario, países seleccionados América Latina y el Caribe, 2000 a 2022",Uruguay,edad de medicion a 17 años,2018,90,Porcentaje sobre el total de personas en cada grupo etario,,9353
"Personas usuarias de Internet por grupo etario, países seleccionados América Latina y el Caribe, 2000 a 2022",Uruguay,edad de medicion a 17 años,2019,91,Porcentaje sobre el total de personas en cada grupo etario,,9353
"Personas usuarias de Internet por grupo etario, países seleccionados América Latina y el Caribe, 2000 a 2022",Uruguay,18 a 25 años de edad,2008,60,Porcentaje sobre el total de personas en cada grupo etario,,9353
"Personas usuarias de Internet por grupo etario, países seleccionados América Latina y el Caribe, 2000 a 2022",Uruguay,18 a 25 años de edad,2009,60,Porcentaje sobre el total de personas en cada grupo etario,,9353
"Personas usuarias de Internet por grupo etario, países seleccionados América Latina y el Caribe, 2000 a 2022",Uruguay,18 a 25 años de edad,2010,66,Porcentaje sobre el total de personas en cada grupo etario,,9353
"Personas usuarias de Internet por grupo etario, países seleccionados América Latina y el Caribe, 2000 a 2022",Uruguay,18 a 25 años de edad,2011,71,Porcentaje sobre el total de personas en cada grupo etario,,9353
"Personas usuarias de Internet por grupo etario, países seleccionados América Latina y el Caribe, 2000 a 2022",Uruguay,18 a 25 años de edad,2012,74,Porcentaje sobre el total de personas en cada grupo etario,,9353
"Personas usuarias de Internet por grupo etario, países seleccionados América Latina y el Caribe, 2000 a 2022",Uruguay,18 a 25 años de edad,2013,77,Porcentaje sobre el total de personas en cada grupo etario,,9353
"Personas usuarias de Internet por grupo etario, países seleccionados América Latina y el Caribe, 2000 a 2022",Uruguay,18 a 25 años de edad,2014,80,Porcentaje sobre el total de personas en cada grupo etario,,9353
"Personas usuarias de Internet por grupo etario, países seleccionados América Latina y el Caribe, 2000 a 2022",Uruguay,18 a 25 años de edad,2015,84,Porcentaje sobre el total de personas en cada grupo etario,,9353
"Personas usuarias de Internet por grupo etario, países seleccionados América Latina y el Caribe, 2000 a 2022",Uruguay,18 a 25 años de edad,2016,90,Porcentaje sobre el total de personas en cada grupo etario,,9353
"Personas usuarias de Internet por grupo etario, países seleccionados América Latina y el Caribe, 2000 a 2022",Uruguay,18 a 25 años de edad,2017,92,Porcentaje sobre el total de personas en cada grupo etario,,9353
"Personas usuarias de Internet por grupo etario, países seleccionados América Latina y el Caribe, 2000 a 2022",Uruguay,18 a 25 años de edad,2018,95,Porcentaje sobre el total de personas en cada grupo etario,,9353
"Personas usuarias de Internet por grupo etario, países seleccionados América Latina y el Caribe, 2000 a 2022",Uruguay,18 a 25 años de edad,2019,95,Porcentaje sobre el total de personas en cada grupo etario,,9353
"Personas usuarias de Internet por grupo etario, países seleccionados América Latina y el Caribe, 2000 a 2022",Uruguay,26 a 50 años de edad,2008,38,Porcentaje sobre el total de personas en cada grupo etario,,9353
"Personas usuarias de Internet por grupo etario, países seleccionados América Latina y el Caribe, 2000 a 2022",Uruguay,26 a 50 años de edad,2009,43,Porcentaje sobre el total de personas en cada grupo etario,,9353
"Personas usuarias de Internet por grupo etario, países seleccionados América Latina y el Caribe, 2000 a 2022",Uruguay,26 a 50 años de edad,2010,49,Porcentaje sobre el total de personas en cada grupo etario,,9353
"Personas usuarias de Internet por grupo etario, países seleccionados América Latina y el Caribe, 2000 a 2022",Uruguay,26 a 50 años de edad,2011,55,Porcentaje sobre el total de personas en cada grupo etario,,9353
"Personas usuarias de Internet por grupo etario, países seleccionados América Latina y el Caribe, 2000 a 2022",Uruguay,26 a 50 años de edad,2012,59,Porcentaje sobre el total de personas en cada grupo etario,,9353
"Personas usuarias de Internet por grupo etario, países seleccionados América Latina y el Caribe, 2000 a 2022",Uruguay,26 a 50 años de edad,2013,62,Porcentaje sobre el total de personas en cada grupo etario,,9353
"Personas usuarias de Internet por grupo etario, países seleccionados América Latina y el Caribe, 2000 a 2022",Uruguay,26 a 50 años de edad,2014,68,Porcentaje sobre el total de personas en cada grupo etario,,9353
"Personas usuarias de Internet por grupo etario, países seleccionados América Latina y el Caribe, 2000 a 2022",Uruguay,26 a 50 años de edad,2015,73,Porcentaje sobre el total de personas en cada grupo etario,,9353
"Personas usuarias de Internet por grupo etario, países seleccionados América Latina y el Caribe, 2000 a 2022",Uruguay,26 a 50 años de edad,2016,81,Porcentaje sobre el total de personas en cada grupo etario,,9353
"Personas usuarias de Internet por grupo etario, países seleccionados América Latina y el Caribe, 2000 a 2022",Uruguay,26 a 50 años de edad,2017,87,Porcentaje sobre el total de personas en cada grupo etario,,9353
"Personas usuarias de Internet por grupo etario, países seleccionados América Latina y el Caribe, 2000 a 2022",Uruguay,26 a 50 años de edad,2018,91,Porcentaje sobre el total de personas en cada grupo etario,,9353
"Personas usuarias de Internet por grupo etario, países seleccionados América Latina y el Caribe, 2000 a 2022",Uruguay,26 a 50 años de edad,2019,93,Porcentaje sobre el total de personas en cada grupo etario,,9353
"Personas usuarias de Internet por grupo etario, países seleccionados América Latina y el Caribe, 2000 a 2022",Uruguay,51 a 65 años,2008,21,Porcentaje sobre el total de personas en cada grupo etario,,9353
"Personas usuarias de Internet por grupo etario, países seleccionados América Latina y el Caribe, 2000 a 2022",Uruguay,51 a 65 años,2009,24,Porcentaje sobre el total de personas en cada grupo etario,,9353
"Personas usuarias de Internet por grupo etario, países seleccionados América Latina y el Caribe, 2000 a 2022",Uruguay,51 a 65 años,2010,28,Porcentaje sobre el total de personas en cada grupo etario,,9353
"Personas usuarias de Internet por grupo etario, países seleccionados América Latina y el Caribe, 2000 a 2022",Uruguay,51 a 65 años,2011,33,Porcentaje sobre el total de personas en cada grupo etario,,9353
"Personas usuarias de Internet por grupo etario, países seleccionados América Latina y el Caribe, 2000 a 2022",Uruguay,51 a 65 años,2012,35,Porcentaje sobre el total de personas en cada grupo etario,,9353
"Personas usuarias de Internet por grupo etario, países seleccionados América Latina y el Caribe, 2000 a 2022",Uruguay,51 a 65 años,2013,40,Porcentaje sobre el total de personas en cada grupo etario,,9353
"Personas usuarias de Internet por grupo etario, países seleccionados América Latina y el Caribe, 2000 a 2022",Uruguay,51 a 65 años,2014,46,Porcentaje sobre el total de personas en cada grupo etario,,9353
"Personas usuarias de Internet por grupo etario, países seleccionados América Latina y el Caribe, 2000 a 2022",Uruguay,51 a 65 años,2015,49,Porcentaje sobre el total de personas en cada grupo etario,,9353
"Personas usuarias de Internet por grupo etario, países seleccionados América Latina y el Caribe, 2000 a 2022",Uruguay,51 a 65 años,2016,58,Porcentaje sobre el total de personas en cada grupo etario,,9353
"Personas usuarias de Internet por grupo etario, países seleccionados América Latina y el Caribe, 2000 a 2022",Uruguay,51 a 65 años,2017,66,Porcentaje sobre el total de personas en cada grupo etario,,9353
"Personas usuarias de Internet por grupo etario, países seleccionados América Latina y el Caribe, 2000 a 2022",Uruguay,51 a 65 años,2018,73,Porcentaje sobre el total de personas en cada grupo etario,,9353
"Personas usuarias de Internet por grupo etario, países seleccionados América Latina y el Caribe, 2000 a 2022",Uruguay,51 a 65 años,2019,79,Porcentaje sobre el total de personas en cada grupo etario,,9353
"Personas usuarias de Internet por grupo etario, países seleccionados América Latina y el Caribe, 2000 a 2022",Uruguay,66 años en adelante,2008,5,Porcentaje sobre el total de personas en cada grupo etario,,9353
"Personas usuarias de Internet por grupo etario, países seleccionados América Latina y el Caribe, 2000 a 2022",Uruguay,66 años en adelante,2009,6,Porcentaje sobre el total de personas en cada grupo etario,,9353
"Personas usuarias de Internet por grupo etario, países seleccionados América Latina y el Caribe, 2000 a 2022",Uruguay,66 años en adelante,2010,8,Porcentaje sobre el total de personas en cada grupo etario,,9353
"Personas usuarias de Internet por grupo etario, países seleccionados América Latina y el Caribe, 2000 a 2022",Uruguay,66 años en adelante,2011,9,Porcentaje sobre el total de personas en cada grupo etario,,9353
"Personas usuarias de Internet por grupo etario, países seleccionados América Latina y el Caribe, 2000 a 2022",Uruguay,66 años en adelante,2012,11,Porcentaje sobre el total de personas en cada grupo etario,,9353
"Personas usuarias de Internet por grupo etario, países seleccionados América Latina y el Caribe, 2000 a 2022",Uruguay,66 años en adelante,2013,13,Porcentaje sobre el total de personas en cada grupo etario,,9353
"Personas usuarias de Internet por grupo etario, países seleccionados América Latina y el Caribe, 2000 a 2022",Uruguay,66 años en adelante,2014,16,Porcentaje sobre el total de personas en cada grupo etario,,9353
"Personas usuarias de Internet por grupo etario, países seleccionados América Latina y el Caribe, 2000 a 2022",Uruguay,66 años en adelante,2015,18,Porcentaje sobre el total de personas en cada grupo etario,,9353
"Personas usuarias de Internet por grupo etario, países seleccionados América Latina y el Caribe, 2000 a 2022",Uruguay,66 años en adelante,2016,26,Porcentaje sobre el total de personas en cada grupo etario,,9353
"Personas usuarias de Internet por grupo etario, países seleccionados América Latina y el Caribe, 2000 a 2022",Uruguay,66 años en adelante,2017,33,Porcentaje sobre el total de personas en cada grupo etario,,9353
"Personas usuarias de Internet por grupo etario, países seleccionados América Latina y el Caribe, 2000 a 2022",Uruguay,66 años en adelante,2018,39,Porcentaje sobre el total de personas en cada grupo etario,,9353
"Personas usuarias de Internet por grupo etario, países seleccionados América Latina y el Caribe, 2000 a 2022",Uruguay,66 años en adelante,2019,44,Porcentaje sobre el total de personas en cada grupo etario,,9353
"Personas usuarias de Internet por grupo etario, países seleccionados América Latina y el Caribe, 2000 a 2022",Uruguay,Total,2008,36,Porcentaje sobre el total de personas en cada grupo etario,,9353
"Personas usuarias de Internet por grupo etario, países seleccionados América Latina y el Caribe, 2000 a 2022",Uruguay,Total,2009,42,Porcentaje sobre el total de personas en cada grupo etario,,9353
"Personas usuarias de Internet por grupo etario, países seleccionados América Latina y el Caribe, 2000 a 2022",Uruguay,Total,2010,48,Porcentaje sobre el total de personas en cada grupo etario,,9353
"Personas usuarias de Internet por grupo etario, países seleccionados América Latina y el Caribe, 2000 a 2022",Uruguay,Total,2011,52,Porcentaje sobre el total de personas en cada grupo etario,,9353
"Personas usuarias de Internet por grupo etario, países seleccionados América Latina y el Caribe, 2000 a 2022",Uruguay,Total,2012,54,Porcentaje sobre el total de personas en cada grupo etario,,9353
"Personas usuarias de Internet por grupo etario, países seleccionados América Latina y el Caribe, 2000 a 2022",Uruguay,Total,2013,58,Porcentaje sobre el total de personas en cada grupo etario,,9353
"Personas usuarias de Internet por grupo etario, países seleccionados América Latina y el Caribe, 2000 a 2022",Uruguay,Total,2014,62,Porcentaje sobre el total de personas en cada grupo etario,,9353
"Personas usuarias de Internet por grupo etario, países seleccionados América Latina y el Caribe, 2000 a 2022",Uruguay,Total,2015,65,Porcentaje sobre el total de personas en cada grupo etario,,9353
"Personas usuarias de Internet por grupo etario, países seleccionados América Latina y el Caribe, 2000 a 2022",Uruguay,Total,2016,72,Porcentaje sobre el total de personas en cada grupo etario,,9353
"Personas usuarias de Internet por grupo etario, países seleccionados América Latina y el Caribe, 2000 a 2022",Uruguay,Total,2017,77,Porcentaje sobre el total de personas en cada grupo etario,,9353
"Personas usuarias de Internet por grupo etario, países seleccionados América Latina y el Caribe, 2000 a 2022",Uruguay,Total,2018,81,Porcentaje sobre el total de personas en cada grupo etario,,9353
"Personas usuarias de Internet por grupo etario, países seleccionados América Latina y el Caribe, 2000 a 2022",Uruguay,Total,2019,83,Porcentaje sobre el total de personas en cada grupo etario,,9353
